date,open,close,high,low,volume
2019-06-25,0.988,0.980,0.990,0.978,544035.000
2019-06-26,0.980,0.985,0.988,0.975,271986.000
2019-06-27,0.990,0.995,0.995,0.988,150976.000
2019-06-28,0.990,0.986,0.991,0.983,153659.000
2019-07-01,0.995,0.999,1.001,0.991,302871.000
2019-07-02,0.993,0.994,0.996,0.990,61619.000
2019-07-03,0.990,0.984,0.990,0.982,38787.000
2019-07-04,0.984,0.994,0.994,0.984,61493.000
2019-07-05,0.992,0.993,0.994,0.991,37304.000
2019-07-08,0.989,0.984,0.989,0.982,47433.000
2019-07-09,0.986,0.983,0.987,0.982,25005.000
2019-07-10,0.983,0.981,0.983,0.981,21415.000
2019-07-11,0.984,0.985,0.987,0.983,26480.000
2019-07-12,0.989,0.986,0.989,0.984,24305.000
2019-07-15,0.991,0.987,0.991,0.987,26821.000
2019-07-16,0.982,0.982,0.984,0.980,84912.000
2019-07-17,0.980,0.981,0.981,0.975,80913.000
2019-07-18,0.973,0.967,0.974,0.965,49413.000
2019-07-19,0.976,0.983,0.984,0.976,54646.000
2019-07-22,0.980,0.979,0.980,0.977,28072.000
2019-07-23,0.989,0.988,1.000,0.983,36111.000
2019-07-24,0.991,0.989,0.992,0.989,22495.000
2019-07-25,0.990,0.992,0.993,0.990,38600.000
2019-07-26,0.983,0.985,0.985,0.980,32287.000
2019-07-29,0.983,0.983,0.984,0.981,94350.000
2019-07-30,0.986,0.986,0.990,0.986,13519.000
2019-07-31,0.980,0.981,0.982,0.979,106132.000
2019-08-01,0.979,0.977,0.980,0.976,177567.000
2019-08-02,0.965,0.975,0.981,0.965,205476.000
2019-08-05,0.977,0.978,0.990,0.972,49260.000
2019-08-06,0.978,0.975,0.978,0.964,52128.000
2019-08-07,0.965,0.976,0.980,0.965,54550.000
2019-08-08,0.986,0.983,0.986,0.980,29341.000
2019-08-09,0.990,0.990,0.991,0.986,63436.000
2019-08-12,0.990,0.990,0.995,0.980,62309.000
2019-08-13,0.985,0.984,0.985,0.981,33161.000
2019-08-14,0.989,0.981,0.989,0.978,129602.000
2019-08-15,0.978,0.973,0.978,0.971,70004.000
2019-08-16,0.970,0.975,0.975,0.970,47292.000
2019-08-19,0.979,0.979,0.980,0.975,36932.000
2019-08-20,0.979,0.982,0.984,0.975,35696.000
2019-08-21,0.982,0.984,0.984,0.982,27340.000
2019-08-22,0.986,0.984,0.988,0.983,36610.000
2019-08-23,0.990,0.989,0.990,0.984,38804.000
2019-08-26,0.988,0.985,0.988,0.974,33231.000
2019-08-27,0.988,0.993,0.995,0.988,53268.000
2019-08-28,0.995,0.994,0.998,0.994,28259.000
2019-08-29,0.991,0.994,0.994,0.986,35788.000
2019-08-30,0.999,0.999,1.001,0.996,84758.000
2019-09-02,0.999,0.999,1.001,0.999,29733.000
2019-09-03,1.001,1.000,1.001,1.000,24934.000
2019-09-04,1.000,1.003,1.004,1.000,43568.000
2019-09-05,1.011,1.017,1.019,1.011,84916.000
2019-09-06,1.020,1.013,1.024,1.013,40876.000
2019-09-09,1.016,1.019,1.019,1.014,31536.000
2019-09-10,1.020,1.017,1.020,1.016,19746.000
2019-09-11,1.019,1.025,1.026,1.018,30582.000
2019-09-12,1.029,1.029,1.031,1.029,17121.000
2019-09-16,1.035,1.033,1.037,1.033,17466.000
2019-09-17,1.033,1.030,1.033,1.028,29162.000
2019-09-18,1.030,1.032,1.034,1.030,16655.000
2019-09-19,1.037,1.040,1.045,1.036,73788.000
2019-09-20,1.040,1.046,1.050,1.040,38707.000
2019-09-23,1.046,1.048,1.050,1.046,11495.000
2019-09-24,1.052,1.051,1.057,1.051,30573.000
2019-09-25,1.051,1.043,1.051,1.042,20002.000
2019-09-26,1.046,1.044,1.048,1.043,31406.000
2019-09-27,1.041,1.041,1.043,1.040,25415.000
2019-09-30,1.040,1.035,1.040,1.032,23501.000
2019-10-08,1.035,1.033,1.035,1.030,30854.000
2019-10-09,1.031,1.032,1.032,1.026,26119.000
2019-10-10,1.035,1.033,1.035,1.031,19742.000
2019-10-11,1.037,1.037,1.039,1.034,23065.000
2019-10-14,1.038,1.034,1.038,1.030,16785.000
2019-10-15,1.042,1.048,1.051,1.042,23935.000
2019-10-16,1.054,1.059,1.061,1.054,43889.000
2019-10-17,1.061,1.058,1.063,1.057,14866.000
2019-10-18,1.062,1.059,1.065,1.057,38051.000
2019-10-21,1.060,1.063,1.063,1.059,16800.000
2019-10-22,1.063,1.066,1.066,1.061,20455.000
2019-10-23,1.066,1.068,1.069,1.064,14702.000
2019-10-24,1.071,1.072,1.073,1.069,11162.000
2019-10-25,1.074,1.074,1.074,1.069,7546.000
2019-10-28,1.074,1.074,1.076,1.074,6444.000
2019-10-29,1.076,1.078,1.079,1.076,6500.000
2019-10-30,1.077,1.073,1.077,1.073,6096.000
2019-10-31,1.074,1.077,1.077,1.074,3660.000
2019-11-01,1.076,1.075,1.077,1.074,6781.000
2019-11-04,1.077,1.079,1.082,1.077,7532.000
2019-11-05,1.083,1.090,1.091,1.083,14054.000
2019-11-06,1.091,1.086,1.091,1.076,13183.000
2019-11-07,1.089,1.088,1.089,1.083,4331.000
2019-11-08,1.085,1.083,1.085,1.081,10322.000
2019-11-11,1.073,1.080,1.084,1.073,4895.000
2019-11-12,1.085,1.092,1.092,1.083,16702.000
2019-11-13,1.090,1.085,1.090,1.081,5471.000
2019-11-14,1.083,1.080,1.087,1.077,12577.000
2019-11-15,1.091,1.092,1.092,1.088,4957.000
2019-11-18,1.092,1.092,1.092,1.089,5162.000
2019-11-19,1.091,1.090,1.091,1.084,7564.000
2019-11-20,1.088,1.085,1.088,1.082,5799.000
2019-11-21,1.080,1.079,1.082,1.069,10940.000
2019-11-22,1.083,1.083,1.090,1.083,8946.000
2019-11-25,1.090,1.093,1.098,1.090,9355.000
2019-11-26,1.104,1.094,1.104,1.090,19442.000
2019-11-27,1.100,1.099,1.100,1.097,2420.000
2019-11-28,1.095,1.093,1.095,1.092,14424.000
2019-11-29,1.093,1.092,1.094,1.092,22928.000
2019-12-02,1.097,1.092,1.108,1.090,22246.000
2019-12-03,1.081,1.085,1.090,1.081,11474.000
2019-12-04,1.080,1.080,1.082,1.079,20117.000
2019-12-05,1.088,1.092,1.092,1.088,9083.000
2019-12-06,1.107,1.094,1.107,1.089,2823.000
2019-12-09,1.096,1.098,1.099,1.095,6937.000
2019-12-10,1.097,1.096,1.100,1.095,13761.000
2019-12-11,1.096,1.091,1.096,1.090,13531.000
2019-12-12,1.095,1.094,1.097,1.094,14057.000
2019-12-13,1.105,1.109,1.109,1.105,14481.000
2019-12-16,1.109,1.107,1.109,1.102,24732.000
2019-12-17,1.108,1.110,1.111,1.107,7371.000
2019-12-18,1.106,1.103,1.109,1.102,21328.000
2019-12-19,1.103,1.101,1.103,1.099,10566.000
2019-12-20,1.112,1.101,1.112,1.097,10479.000
2019-12-23,1.097,1.101,1.104,1.097,8405.000
2019-12-24,1.101,1.103,1.104,1.101,3731.000
2019-12-25,1.100,1.105,1.105,1.100,15017.000
2019-12-26,1.104,1.107,1.107,1.102,11955.000
2019-12-27,1.107,1.104,1.108,1.102,12147.000
2019-12-30,1.099,1.099,1.099,1.098,9564.000
2019-12-31,1.097,1.099,1.101,1.097,13541.000
2020-01-02,1.100,1.100,1.100,1.095,10376.000
2020-01-03,1.101,1.099,1.104,1.096,12706.000
2020-01-06,1.091,1.091,1.092,1.081,29438.000
2020-01-07,1.094,1.096,1.097,1.089,22626.000
2020-01-08,1.086,1.079,1.086,1.069,15015.000
2020-01-09,1.086,1.095,1.095,1.085,13082.000
2020-01-10,1.095,1.093,1.095,1.093,7546.000
2020-01-13,1.093,1.091,1.093,1.089,5434.000
2020-01-14,1.092,1.090,1.092,1.089,3768.000
2020-01-15,1.090,1.082,1.090,1.081,13473.000
2020-01-16,1.082,1.087,1.089,1.082,20802.000
2020-01-17,1.087,1.091,1.091,1.087,10293.000
2020-01-20,1.091,1.088,1.091,1.086,5231.000
2020-01-21,1.088,1.081,1.089,1.079,18126.000
2020-01-22,1.087,1.087,1.087,1.083,7042.000
2020-01-23,1.084,1.083,1.086,1.081,3876.000
2020-02-03,1.082,1.064,1.082,1.060,16100.000
2020-02-04,1.084,1.067,1.084,1.067,18687.000
2020-02-05,1.072,1.074,1.078,1.069,16417.000
2020-02-06,1.077,1.095,1.097,1.077,25654.000
2020-02-07,1.095,1.089,1.095,1.086,11828.000
2020-02-10,1.089,1.087,1.092,1.087,9751.000
2020-02-11,1.090,1.092,1.092,1.088,12456.000
2020-02-12,1.089,1.090,1.091,1.088,9202.000
2020-02-13,1.090,1.092,1.093,1.090,4193.000
2020-02-14,1.094,1.086,1.094,1.082,2605.000
2020-02-17,1.078,1.080,1.081,1.075,11277.000
2020-02-18,1.075,1.070,1.075,1.068,7731.000
2020-02-19,1.072,1.076,1.076,1.071,8600.000
2020-02-20,1.077,1.064,1.082,1.054,80526.000
2020-02-21,1.063,1.056,1.063,1.055,12576.000
2020-02-24,1.057,1.045,1.057,1.041,28996.000
2020-02-25,1.040,1.032,1.040,1.031,36463.000
2020-02-26,1.022,1.026,1.031,1.014,37331.000
2020-02-27,1.021,1.017,1.023,1.013,39796.000
2020-02-28,1.000,1.008,1.010,0.989,38782.000
2020-03-02,1.007,1.014,1.024,1.003,76455.000
2020-03-03,1.023,0.996,1.026,0.991,93065.000
2020-03-04,0.996,0.991,1.011,0.989,57755.000
2020-03-05,0.994,0.995,0.997,0.991,61863.000
2020-03-06,0.987,0.983,0.987,0.978,53961.000
2020-03-09,0.964,0.960,0.965,0.953,82618.000
2020-03-10,0.960,0.971,0.978,0.951,167659.000
2020-03-11,0.970,0.946,0.970,0.945,99545.000
2020-03-12,0.928,0.899,0.930,0.895,272313.000
2020-03-13,0.836,0.876,0.899,0.821,267737.000
2020-03-16,0.881,0.833,0.886,0.832,173618.000
2020-03-17,0.840,0.843,0.850,0.829,154758.000
2020-03-18,0.844,0.799,0.845,0.798,288639.000
2020-03-19,0.802,0.798,0.808,0.782,246947.000
2020-03-20,0.805,0.818,0.819,0.790,219969.000
2020-03-23,0.790,0.800,0.814,0.779,261554.000
2020-03-24,0.827,0.848,0.860,0.820,328925.000
2020-03-25,0.871,0.884,0.893,0.871,331611.000
2020-03-26,0.850,0.854,0.869,0.849,168204.000
2020-03-27,0.869,0.877,0.884,0.865,256254.000
2020-03-30,0.853,0.882,0.892,0.850,245379.000
2020-03-31,0.902,0.886,0.904,0.882,137697.000
2020-04-01,0.878,0.860,0.890,0.858,121393.000
2020-04-02,0.852,0.863,0.866,0.852,124599.000
2020-04-03,0.861,0.852,0.862,0.849,97997.000
2020-04-07,0.887,0.896,0.897,0.881,229765.000
2020-04-08,0.891,0.893,0.907,0.886,139098.000
2020-04-09,0.897,0.905,0.905,0.896,87609.000
2020-04-10,0.904,0.901,0.907,0.897,115842.000
2020-04-13,0.900,0.893,0.903,0.892,51885.000
2020-04-14,0.902,0.922,0.924,0.902,136752.000
2020-04-15,0.925,0.924,0.928,0.921,70370.000
2020-04-16,0.918,0.915,0.918,0.911,48331.000
2020-04-17,0.931,0.933,0.938,0.931,108868.000
2020-04-20,0.928,0.930,0.933,0.928,36991.000
2020-04-21,0.928,0.918,0.928,0.912,61423.000
2020-04-22,0.913,0.908,0.913,0.903,58147.000
2020-04-23,0.915,0.919,0.920,0.911,94837.000
2020-04-24,0.913,0.913,0.915,0.910,24684.000
2020-04-27,0.924,0.933,0.937,0.924,85682.000
2020-04-28,0.936,0.941,0.941,0.933,46518.000
2020-04-29,0.945,0.960,0.961,0.945,62155.000
2020-04-30,0.977,0.961,0.980,0.959,89358.000
2020-05-06,0.954,0.949,0.954,0.938,31196.000
2020-05-07,0.947,0.946,0.949,0.942,32200.000
2020-05-08,0.957,0.963,0.966,0.951,75090.000
2020-05-11,0.977,0.973,0.977,0.970,52662.000
2020-05-12,0.970,0.966,0.973,0.964,32078.000
2020-05-13,0.962,0.970,0.972,0.957,37362.000
2020-05-14,0.965,0.950,0.965,0.949,29088.000
2020-05-15,0.955,0.959,0.959,0.949,39126.000
2020-05-18,0.957,0.966,0.967,0.957,26056.000
2020-05-19,0.976,0.979,0.982,0.975,30547.000
2020-05-20,0.981,0.974,0.981,0.974,22048.000
2020-05-21,0.976,0.973,0.980,0.973,14844.000
2020-05-22,0.973,0.969,0.973,0.968,13261.000
2020-05-25,0.974,0.984,0.985,0.974,26608.000
2020-05-26,1.000,1.009,1.010,0.984,75682.000
2020-05-27,1.011,1.017,1.021,1.010,58451.000
2020-05-28,1.030,1.041,1.044,1.030,92006.000
2020-05-29,1.027,1.037,1.044,1.027,62131.000
2020-06-01,1.046,1.047,1.049,1.039,77884.000
2020-06-02,1.049,1.058,1.060,1.049,40357.000
2020-06-03,1.072,1.071,1.072,1.065,43651.000
2020-06-04,1.073,1.071,1.076,1.070,23111.000
2020-06-05,1.071,1.067,1.071,1.062,31891.000
2020-06-08,1.069,1.074,1.078,1.069,45425.000
2020-06-09,1.074,1.082,1.083,1.074,38163.000
2020-06-10,1.082,1.085,1.087,1.076,37474.000
2020-06-11,1.084,1.072,1.084,1.066,37899.000
2020-06-12,1.029,1.051,1.055,1.029,65024.000
2020-06-15,1.051,1.025,1.051,1.024,52606.000
2020-06-16,1.049,1.064,1.069,1.048,114422.000
2020-06-17,1.064,1.068,1.068,1.054,67002.000
2020-06-18,1.052,1.057,1.064,1.048,68596.000
2020-06-19,1.057,1.065,1.067,1.056,45335.000
2020-06-22,1.067,1.066,1.069,1.064,45741.000
2020-06-23,1.068,1.069,1.074,1.062,26252.000
2020-06-24,1.071,1.069,1.073,1.068,9595.000
2020-06-29,1.049,1.049,1.073,1.046,26278.000
2020-06-30,1.070,1.056,1.070,1.055,10884.000
2020-07-01,1.055,1.048,1.064,1.043,56214.000
2020-07-02,1.047,1.050,1.051,1.043,48386.000
2020-07-03,1.052,1.051,1.059,1.049,26979.000
2020-07-06,1.056,1.061,1.063,1.053,53235.000
2020-07-07,1.061,1.053,1.062,1.052,22830.000
2020-07-08,1.052,1.050,1.062,1.047,14635.000
2020-07-09,1.051,1.050,1.052,1.049,16761.000
2020-07-10,1.049,1.042,1.049,1.041,19729.000
2020-07-13,1.049,1.055,1.058,1.044,56289.000
2020-07-14,1.054,1.056,1.062,1.048,37026.000
2020-07-15,1.064,1.071,1.071,1.064,29096.000
2020-07-16,1.062,1.058,1.071,1.058,23685.000
2020-07-17,1.051,1.055,1.059,1.051,36534.000
2020-07-20,1.051,1.054,1.056,1.051,74937.000
2020-07-21,1.060,1.064,1.068,1.060,23437.000
2020-07-22,1.057,1.066,1.066,1.057,7817.000
2020-07-23,1.065,1.063,1.065,1.061,8527.000
2020-07-24,1.061,1.065,1.065,1.061,10166.000
2020-07-27,1.066,1.076,1.078,1.066,56519.000
2020-07-28,1.078,1.085,1.089,1.078,30171.000
2020-07-29,1.078,1.074,1.079,1.055,45064.000
2020-07-30,1.075,1.068,1.075,1.066,28664.000
2020-07-31,1.058,1.054,1.089,0.990,77852.000
2020-08-03,1.053,1.048,1.054,1.048,41855.000
2020-08-04,1.057,1.062,1.062,1.050,72273.000
2020-08-05,1.078,1.060,1.078,1.049,16110.000
2020-08-06,1.061,1.056,1.063,1.054,19281.000
2020-08-07,1.056,1.054,1.056,1.050,8696.000
2020-08-10,1.051,1.056,1.057,1.048,33623.000
2020-08-11,1.060,1.066,1.067,1.060,48708.000
2020-08-12,1.063,1.063,1.064,1.061,12902.000
2020-08-13,1.075,1.078,1.080,1.068,48169.000
2020-08-14,1.076,1.078,1.078,1.075,42838.000
2020-08-17,1.078,1.075,1.079,1.072,56255.000
2020-08-18,1.070,1.077,1.078,1.070,36175.000
2020-08-19,1.077,1.081,1.082,1.076,50254.000
2020-08-20,1.080,1.066,1.081,1.061,28766.000
2020-08-21,1.067,1.070,1.090,1.067,35764.000
2020-08-24,1.084,1.070,1.084,1.066,195037.000
2020-08-25,1.077,1.081,1.088,1.077,176674.000
2020-08-26,1.086,1.077,1.086,1.074,62746.000
2020-08-27,1.085,1.075,1.085,1.074,8352.000
2020-08-28,1.073,1.073,1.074,1.062,88221.000
2020-08-31,1.078,1.072,1.084,1.071,32574.000
2020-09-01,1.072,1.067,1.072,1.066,37889.000
2020-09-02,1.071,1.070,1.071,1.067,31675.000
2020-09-03,1.072,1.079,1.080,1.072,59767.000
2020-09-04,1.070,1.065,1.070,1.065,26612.000
2020-09-07,1.065,1.060,1.067,1.059,27651.000
2020-09-08,1.062,1.066,1.067,1.061,12440.000
2020-09-09,1.065,1.059,1.065,1.053,79813.000
2020-09-10,1.061,1.068,1.070,1.061,40226.000
2020-09-11,1.068,1.073,1.075,1.067,35161.000
2020-09-14,1.074,1.083,1.083,1.074,24594.000
2020-09-15,1.075,1.075,1.084,1.071,38352.000
2020-09-16,1.073,1.075,1.077,1.073,11656.000
2020-09-17,1.073,1.071,1.073,1.069,21760.000
2020-09-18,1.071,1.073,1.073,1.070,26456.000
2020-09-21,1.072,1.071,1.076,1.071,25041.000
2020-09-22,1.071,1.063,1.071,1.057,34891.000
2020-09-23,1.065,1.073,1.074,1.064,66407.000
2020-09-24,1.071,1.066,1.071,1.062,24557.000
2020-09-25,1.076,1.070,1.076,1.068,14957.000
2020-09-28,1.071,1.081,1.084,1.070,64459.000
2020-09-29,1.083,1.089,1.095,1.080,40587.000
2020-09-30,1.083,1.073,1.086,1.071,30893.000
2020-10-09,1.090,1.082,1.090,1.073,20129.000
2020-10-12,1.082,1.077,1.083,1.075,28108.000
2020-10-13,1.080,1.081,1.081,1.078,8737.000
2020-10-14,1.080,1.080,1.082,1.073,29139.000
2020-10-15,1.080,1.075,1.080,1.074,20217.000
2020-10-16,1.073,1.070,1.074,1.068,14928.000
2020-10-19,1.081,1.077,1.081,1.075,12068.000
2020-10-20,1.074,1.069,1.074,1.067,4818.000
2020-10-21,1.070,1.071,1.071,1.069,2956.000
2020-10-22,1.069,1.069,1.070,1.067,3767.000
2020-10-23,1.068,1.073,1.075,1.068,18165.000
2020-10-26,1.076,1.070,1.077,1.069,13512.000
2020-10-27,1.069,1.073,1.074,1.068,20303.000
2020-10-28,1.073,1.077,1.077,1.073,16996.000
2020-10-29,1.076,1.074,1.076,1.065,32875.000
2020-10-30,1.075,1.060,1.075,1.059,27651.000
2020-11-02,1.065,1.064,1.067,1.063,3107.000
2020-11-03,1.066,1.076,1.077,1.066,40974.000
2020-11-04,1.076,1.084,1.085,1.076,17234.000
2020-11-05,1.088,1.096,1.100,1.088,110882.000
2020-11-06,1.097,1.111,1.116,1.097,39219.000
2020-11-09,1.130,1.136,1.143,1.130,27899.000
2020-11-10,1.136,1.122,1.137,1.120,81452.000
2020-11-11,1.126,1.136,1.143,1.124,11946.000
2020-11-12,1.152,1.143,1.159,1.136,12614.000
2020-11-13,1.144,1.142,1.144,1.128,61309.000
2020-11-16,1.155,1.167,1.167,1.155,18899.000
2020-11-17,1.171,1.165,1.171,1.161,29204.000
2020-11-18,1.164,1.154,1.164,1.151,37304.000
2020-11-19,1.150,1.154,1.154,1.150,17350.000
2020-11-20,1.154,1.151,1.154,1.147,48519.000
2020-11-23,1.152,1.161,1.165,1.149,44158.000
2020-11-24,1.184,1.177,1.184,1.173,26064.000
2020-11-25,1.216,1.181,1.216,1.177,51207.000
2020-11-26,1.181,1.192,1.192,1.175,23040.000
2020-11-27,1.193,1.197,1.198,1.188,31901.000
2020-11-30,1.198,1.194,1.202,1.193,32478.000
2020-12-01,1.213,1.203,1.213,1.199,26054.000
2020-12-02,1.200,1.197,1.200,1.193,8359.000
2020-12-03,1.196,1.198,1.199,1.195,9139.000
2020-12-04,1.198,1.197,1.198,1.195,13789.000
2020-12-07,1.198,1.190,1.198,1.190,20468.000
2020-12-08,1.190,1.183,1.190,1.181,3283.000
2020-12-09,1.194,1.196,1.197,1.191,10247.000
2020-12-10,1.197,1.196,1.198,1.192,22847.000
2020-12-11,1.190,1.193,1.196,1.190,7538.000
2020-12-14,1.196,1.197,1.200,1.193,29238.000
2020-12-15,1.195,1.192,1.196,1.190,15595.000
2020-12-16,1.194,1.200,1.201,1.194,6359.000
2020-12-17,1.228,1.205,1.228,1.203,13028.000
2020-12-18,1.204,1.205,1.206,1.203,7089.000
2020-12-21,1.205,1.202,1.205,1.196,36587.000
2020-12-22,1.193,1.192,1.198,1.192,20454.000
2020-12-23,1.192,1.193,1.195,1.191,15065.000
2020-12-24,1.194,1.196,1.198,1.193,8521.000
2020-12-25,1.195,1.193,1.195,1.192,6305.000
2020-12-28,1.194,1.201,1.202,1.193,38046.000
2020-12-29,1.213,1.244,1.246,1.213,76724.000
2020-12-30,1.239,1.234,1.240,1.233,31693.000
2020-12-31,1.235,1.236,1.237,1.235,5503.000
2021-01-04,1.241,1.227,1.241,1.205,13386.000
2021-01-05,1.214,1.212,1.218,1.210,25614.000
2021-01-06,1.212,1.213,1.214,1.208,21898.000
2021-01-07,1.222,1.229,1.240,1.222,11174.000
2021-01-08,1.235,1.250,1.250,1.235,23622.000
2021-01-11,1.260,1.248,1.260,1.234,15339.000
2021-01-12,1.249,1.249,1.251,1.245,19551.000
2021-01-13,1.252,1.258,1.260,1.247,45916.000
2021-01-14,1.270,1.275,1.285,1.266,58335.000
2021-01-15,1.275,1.271,1.276,1.270,30150.000
2021-01-18,1.268,1.256,1.268,1.256,13161.000
2021-01-19,1.267,1.271,1.273,1.267,25358.000
2021-01-20,1.278,1.266,1.278,1.265,11939.000
2021-01-21,1.278,1.277,1.278,1.275,7556.000
2021-01-22,1.273,1.274,1.274,1.270,7490.000
2021-01-25,1.275,1.277,1.278,1.275,6062.000
2021-01-26,1.271,1.269,1.275,1.268,16523.000
2021-01-27,1.271,1.274,1.282,1.270,13471.000
2021-01-28,1.242,1.246,1.252,1.242,27679.000
2021-01-29,1.243,1.220,1.247,1.219,17272.000
2021-02-01,1.220,1.233,1.233,1.220,15761.000
2021-02-02,1.235,1.241,1.243,1.235,12164.000
2021-02-03,1.247,1.251,1.251,1.244,15373.000
2021-02-04,1.242,1.238,1.246,1.234,42520.000
2021-02-05,1.244,1.255,1.255,1.244,31953.000
2021-02-08,1.290,1.279,1.299,1.275,45645.000
2021-02-09,1.278,1.286,1.289,1.278,25538.000
2021-02-10,1.288,1.292,1.292,1.285,17843.000
2021-02-18,1.320,1.312,1.421,1.309,30825.000
2021-02-19,1.312,1.302,1.312,1.285,18051.000
2021-02-22,1.304,1.310,1.346,1.304,13375.000
2021-02-23,1.309,1.312,1.312,1.308,7347.000
2021-02-24,1.311,1.289,1.311,1.285,29554.000
2021-02-25,1.301,1.304,1.309,1.300,23509.000
2021-02-26,1.270,1.261,1.273,1.253,77194.000
2021-03-01,1.273,1.279,1.285,1.269,88546.000
2021-03-02,1.281,1.271,1.286,1.265,122666.000
2021-03-03,1.270,1.272,1.274,1.267,63398.000
2021-03-04,1.250,1.244,1.264,1.242,47529.000
2021-03-05,1.236,1.228,1.236,1.196,93195.000
2021-03-08,1.229,1.227,1.258,1.224,65894.000
2021-03-09,1.227,1.236,1.236,1.222,82922.000
2021-03-10,1.248,1.236,1.248,1.228,66205.000
2021-03-11,1.237,1.244,1.254,1.237,48417.000
2021-03-12,1.248,1.262,1.270,1.247,86813.000
2021-03-15,1.266,1.262,1.285,1.259,31808.000
2021-03-16,1.266,1.268,1.272,1.266,11563.000
2021-03-17,1.266,1.269,1.272,1.265,21297.000
2021-03-18,1.286,1.281,1.290,1.279,25397.000
2021-03-19,1.269,1.268,1.275,1.264,33065.000
2021-03-22,1.267,1.240,1.267,1.215,39040.000
2021-03-23,1.242,1.236,1.254,1.234,10332.000
2021-03-24,1.230,1.216,1.230,1.215,12443.000
2021-03-25,1.217,1.227,1.229,1.212,9736.000
2021-03-26,1.228,1.243,1.243,1.228,19533.000
2021-03-29,1.244,1.245,1.259,1.232,89631.000
2021-03-30,1.246,1.256,1.260,1.244,32590.000
2021-03-31,1.256,1.242,1.256,1.239,30321.000
2021-04-01,1.248,1.246,1.253,1.243,20967.000
2021-04-02,1.255,1.268,1.269,1.255,30238.000
2021-04-06,1.271,1.262,1.282,1.259,20880.000
2021-04-07,1.263,1.262,1.274,1.257,34610.000
2021-04-08,1.262,1.264,1.267,1.259,35916.000
2021-04-09,1.272,1.271,1.279,1.268,60667.000
2021-04-12,1.273,1.262,1.273,1.259,42528.000
2021-04-13,1.266,1.272,1.278,1.266,41527.000
2021-04-14,1.272,1.268,1.272,1.263,53224.000
2021-04-15,1.271,1.269,1.272,1.268,11739.000
2021-04-16,1.270,1.273,1.273,1.265,51402.000
2021-04-19,1.273,1.272,1.275,1.268,39375.000
2021-04-20,1.271,1.253,1.271,1.250,37219.000
2021-04-21,1.248,1.233,1.248,1.230,18686.000
2021-04-22,1.252,1.254,1.254,1.222,27673.000
2021-04-23,1.250,1.247,1.250,1.244,17015.000
2021-04-26,1.247,1.252,1.255,1.247,56926.000
2021-04-27,1.252,1.244,1.252,1.242,27992.000
2021-04-28,1.244,1.241,1.244,1.240,24976.000
2021-04-29,1.240,1.239,1.240,1.233,11625.000
2021-04-30,1.237,1.225,1.237,1.223,21430.000
2021-05-06,1.240,1.241,1.245,1.240,23057.000
2021-05-07,1.246,1.239,1.246,1.238,9857.000
2021-05-10,1.249,1.248,1.252,1.244,19655.000
2021-05-11,1.243,1.214,1.243,1.213,11706.000
2021-05-12,1.214,1.198,1.214,1.194,16219.000
2021-05-13,1.188,1.169,1.188,1.161,40666.000
2021-05-14,1.172,1.183,1.186,1.171,37836.000
2021-05-17,1.177,1.175,1.180,1.172,32430.000
2021-05-18,1.190,1.202,1.203,1.190,34368.000
2021-05-19,1.192,1.185,1.200,1.182,31056.000
2021-05-20,1.184,1.186,1.188,1.180,20446.000
2021-05-21,1.195,1.197,1.198,1.190,21881.000
2021-05-24,1.198,1.198,1.203,1.197,35748.000
2021-05-25,1.201,1.202,1.203,1.201,13314.000
2021-05-26,1.198,1.203,1.204,1.198,26955.000
2021-05-27,1.200,1.194,1.200,1.193,35599.000
2021-05-28,1.202,1.206,1.209,1.202,36045.000
2021-05-31,1.204,1.196,1.204,1.191,44276.000
2021-06-01,1.191,1.194,1.195,1.189,23410.000
2021-06-02,1.195,1.201,1.204,1.195,81286.000
2021-06-03,1.205,1.205,1.206,1.203,23402.000
2021-06-04,1.203,1.199,1.203,1.191,7765.000
2021-06-07,1.204,1.205,1.207,1.204,5644.000
2021-06-08,1.213,1.210,1.218,1.208,10015.000
2021-06-09,1.205,1.204,1.205,1.203,5861.000
2021-06-10,1.206,1.206,1.206,1.205,1598.000
2021-06-11,1.209,1.208,1.209,1.203,6029.000
2021-06-15,1.218,1.222,1.223,1.215,22547.000
2021-06-16,1.219,1.213,1.222,1.211,12826.000
2021-06-17,1.214,1.202,1.214,1.194,34985.000
2021-06-18,1.211,1.208,1.213,1.208,13583.000
2021-06-21,1.200,1.177,1.200,1.168,72125.000
2021-06-22,1.191,1.203,1.208,1.191,46221.000
2021-06-23,1.203,1.204,1.208,1.201,35375.000
2021-06-24,1.202,1.201,1.204,1.201,34383.000
2021-06-25,1.205,1.208,1.210,1.205,20057.000
2021-06-28,1.207,1.207,1.208,1.206,12709.000
2021-06-29,1.205,1.199,1.205,1.198,11249.000
2021-06-30,1.200,1.200,1.203,1.200,11838.000
2021-07-01,1.199,1.191,1.199,1.189,5201.000
2021-07-02,1.190,1.189,1.191,1.189,6033.000
2021-07-05,1.190,1.187,1.190,1.186,7488.000
2021-07-06,1.188,1.192,1.210,1.188,11998.000
2021-07-07,1.190,1.183,1.190,1.182,20534.000
2021-07-08,1.182,1.181,1.182,1.178,39919.000
2021-07-09,1.175,1.183,1.185,1.161,41856.000
2021-07-12,1.193,1.198,1.204,1.193,37519.000
2021-07-13,1.202,1.199,1.205,1.199,35085.000
2021-07-14,1.199,1.196,1.199,1.195,16194.000
2021-07-15,1.195,1.187,1.195,1.185,16545.000
2021-07-16,1.174,1.177,1.184,1.174,32975.000
2021-07-19,1.200,1.165,1.200,1.158,46156.000
2021-07-20,1.160,1.161,1.165,1.158,42470.000
2021-07-21,1.170,1.162,1.170,1.158,60937.000
2021-07-22,1.163,1.173,1.183,1.156,70915.000
2021-07-23,1.176,1.176,1.177,1.170,7913.000
2021-07-26,1.178,1.167,1.178,1.165,29872.000
2021-07-27,1.168,1.173,1.176,1.168,22365.000
2021-07-28,1.170,1.168,1.171,1.162,34151.000
2021-07-29,1.177,1.169,1.179,1.167,32916.000
2021-07-30,1.153,1.150,1.165,1.149,35980.000
2021-08-02,1.158,1.168,1.170,1.158,47906.000
2021-08-03,1.168,1.165,1.168,1.157,42539.000
2021-08-04,1.165,1.164,1.166,1.164,12147.000
2021-08-05,1.164,1.164,1.165,1.161,6129.000
2021-08-06,1.164,1.167,1.168,1.163,29519.000
2021-08-09,1.167,1.164,1.167,1.161,6051.000
2021-08-10,1.172,1.167,1.175,1.164,10970.000
2021-08-11,1.169,1.169,1.172,1.169,9443.000
2021-08-12,1.173,1.171,1.176,1.170,24141.000
2021-08-13,1.176,1.169,1.176,1.168,8878.000
2021-08-16,1.166,1.161,1.166,1.156,21493.000
2021-08-17,1.160,1.156,1.172,1.156,19013.000
2021-08-18,1.157,1.161,1.166,1.157,46366.000
2021-08-19,1.159,1.148,1.159,1.147,9020.000
2021-08-20,1.145,1.140,1.146,1.140,60345.000
2021-08-23,1.200,1.159,1.200,1.143,16471.000
2021-08-24,1.164,1.166,1.169,1.164,40423.000
2021-08-25,1.169,1.165,1.175,1.163,33193.000
2021-08-26,1.165,1.162,1.165,1.161,4538.000
2021-08-27,1.162,1.161,1.162,1.153,30724.000
2021-08-30,1.159,1.166,1.167,1.158,14282.000
2021-08-31,1.172,1.180,1.180,1.162,42383.000
2021-09-01,1.180,1.188,1.188,1.180,51404.000
2021-09-02,1.185,1.190,1.191,1.185,46961.000
2021-09-03,1.194,1.216,1.280,1.194,61152.000
2021-09-06,1.238,1.241,1.243,1.207,52709.000
2021-09-07,1.246,1.246,1.251,1.246,26261.000
2021-09-08,1.251,1.256,1.257,1.241,14047.000
2021-09-09,1.235,1.248,1.254,1.235,11803.000
2021-09-10,1.253,1.263,1.267,1.253,32693.000
2021-09-13,1.263,1.269,1.269,1.261,8371.000
2021-09-14,1.272,1.274,1.280,1.269,31823.000
2021-09-15,1.268,1.273,1.274,1.267,11578.000
2021-09-16,1.271,1.265,1.273,1.263,75740.000
2021-09-17,1.265,1.273,1.275,1.265,86791.000
2021-09-22,1.272,1.249,1.272,1.242,36733.000
2021-09-23,1.249,1.260,1.264,1.249,53850.000
2021-09-24,1.265,1.255,1.266,1.255,29254.000
2021-09-27,1.255,1.250,1.257,1.250,55082.000
2021-09-28,1.238,1.241,1.250,1.238,63333.000
2021-09-29,1.240,1.227,1.240,1.214,102201.000
2021-09-30,1.222,1.219,1.272,1.214,126479.000
2021-10-08,1.217,1.163,1.224,1.162,71058.000
2021-10-11,1.166,1.171,1.176,1.166,27874.000
2021-10-12,1.167,1.153,1.167,1.151,62547.000
2021-10-13,1.153,1.152,1.153,1.148,18504.000
2021-10-14,1.155,1.163,1.164,1.155,13019.000
2021-10-15,1.178,1.180,1.180,1.162,17832.000
2021-10-18,1.175,1.169,1.178,1.169,68924.000
2021-10-19,1.171,1.177,1.179,1.171,41571.000
2021-10-20,1.178,1.170,1.295,1.167,75981.000
2021-10-21,1.200,1.153,1.200,1.152,39669.000
2021-10-22,1.158,1.159,1.165,1.156,46802.000
2021-10-25,1.157,1.155,1.157,1.149,55669.000
2021-10-26,1.170,1.169,1.171,1.166,31788.000
2021-10-27,1.167,1.163,1.168,1.148,99517.000
2021-10-28,1.163,1.156,1.164,1.150,81261.000
2021-10-29,1.154,1.163,1.177,1.149,119381.000
2021-11-01,1.180,1.188,1.191,1.180,103828.000
2021-11-02,1.185,1.186,1.187,1.180,81432.000
2021-11-03,1.188,1.187,1.188,1.183,23250.000
2021-11-04,1.193,1.193,1.194,1.188,41871.000
2021-11-05,1.189,1.189,1.193,1.189,78049.000
2021-11-08,1.189,1.186,1.192,1.186,113833.000
2021-11-09,1.190,1.185,1.194,1.180,79643.000
2021-11-10,1.185,1.177,1.188,1.177,92875.000
2021-11-11,1.175,1.178,1.180,1.174,81285.000
2021-11-12,1.185,1.186,1.189,1.182,122646.000
2021-11-15,1.190,1.192,1.196,1.188,47709.000
2021-11-16,1.192,1.193,1.199,1.190,92544.000
2021-11-17,1.193,1.181,1.193,1.175,89213.000
2021-11-18,1.180,1.181,1.185,1.175,76528.000
2021-11-19,1.183,1.189,1.189,1.180,84774.000
2021-11-22,1.190,1.196,1.196,1.187,83269.000
2021-11-23,1.198,1.183,1.198,1.182,20465.000
2021-11-24,1.181,1.168,1.181,1.162,51122.000
2021-11-25,1.170,1.170,1.175,1.170,51289.000
2021-11-26,1.160,1.150,1.160,1.145,59181.000
2021-11-29,1.149,1.144,1.157,1.136,160748.000
2021-11-30,1.148,1.131,1.160,1.123,77111.000
2021-12-01,1.125,1.131,1.134,1.125,87388.000
2021-12-02,1.130,1.129,1.130,1.121,82359.000
2021-12-03,1.129,1.134,1.136,1.121,66735.000
2021-12-06,1.131,1.129,1.132,1.124,32580.000
2021-12-07,1.135,1.152,1.153,1.135,52809.000
2021-12-08,1.155,1.159,1.160,1.154,50560.000
2021-12-09,1.159,1.150,1.159,1.150,37663.000
2021-12-10,1.148,1.141,1.151,1.140,16524.000
2021-12-13,1.153,1.151,1.154,1.148,24284.000
2021-12-14,1.147,1.140,1.147,1.138,41087.000
2021-12-15,1.139,1.143,1.143,1.137,32222.000
2021-12-16,1.154,1.161,1.161,1.149,39551.000
2021-12-17,1.160,1.147,1.160,1.144,64110.000
2021-12-20,1.138,1.127,1.148,1.126,39782.000
2021-12-21,1.136,1.144,1.145,1.136,35515.000
2021-12-22,1.146,1.141,1.146,1.141,32183.000
2021-12-23,1.141,1.151,1.153,1.141,35470.000
2021-12-24,1.151,1.151,1.153,1.149,5742.000
2021-12-27,1.146,1.145,1.148,1.145,18294.000
2021-12-28,1.171,1.155,1.171,1.130,39847.000
2021-12-29,1.149,1.149,1.150,1.146,23876.000
2021-12-30,1.148,1.146,1.148,1.145,31630.000
2021-12-31,1.146,1.146,1.146,1.143,5980.000
2022-01-04,1.153,1.156,1.158,1.152,68029.000
2022-01-05,1.162,1.160,1.162,1.158,14563.000
2022-01-06,1.151,1.127,1.151,1.125,36270.000
2022-01-07,1.132,1.126,1.133,1.118,36991.000
2022-01-10,1.127,1.127,1.129,1.126,9037.000
2022-01-11,1.127,1.120,1.127,1.118,26909.000
2022-01-12,1.128,1.138,1.139,1.128,14414.000
2022-01-13,1.135,1.135,1.136,1.131,42235.000
2022-01-14,1.130,1.129,1.130,1.121,48303.000
2022-01-17,1.133,1.129,1.134,1.129,22334.000
2022-01-18,1.131,1.124,1.136,1.123,46362.000
2022-01-19,1.116,1.100,1.118,1.094,50913.000
2022-01-20,1.091,1.108,1.112,1.091,46651.000
2022-01-21,1.102,1.103,1.104,1.094,29753.000
2022-01-24,1.098,1.102,1.105,1.085,33406.000
2022-01-25,1.081,1.084,1.098,1.081,15066.000
2022-01-26,1.071,1.078,1.083,1.071,18391.000
2022-01-27,1.070,1.044,1.070,1.041,49398.000
2022-01-28,1.055,1.059,1.061,1.055,36481.000
2022-02-07,1.060,1.078,1.083,1.060,31320.000
2022-02-08,1.081,1.079,1.082,1.078,16305.000
2022-02-09,1.083,1.088,1.091,1.080,32883.000
2022-02-10,1.090,1.093,1.094,1.084,42497.000
2022-02-11,1.087,1.088,1.090,1.084,25014.000
2022-02-14,1.087,1.072,1.087,1.062,37601.000
2022-02-15,1.072,1.060,1.072,1.056,45897.000
2022-02-16,1.075,1.080,1.080,1.075,36321.000
2022-02-17,1.084,1.070,1.104,1.061,36602.000
2022-02-18,1.065,1.070,1.071,1.057,52247.000
2022-02-21,1.065,1.065,1.066,1.062,26626.000
2022-02-22,1.046,1.050,1.059,1.044,26789.000
2022-02-23,1.055,1.057,1.057,1.054,14205.000
2022-02-24,1.044,1.030,1.044,1.023,25176.000
2022-02-25,1.038,1.045,1.046,1.038,51165.000
2022-02-28,1.039,1.043,1.043,1.036,11527.000
2022-03-01,1.054,1.058,1.080,1.053,13554.000
2022-03-02,1.049,1.041,1.057,1.040,37457.000
2022-03-03,1.052,1.044,1.052,1.040,46924.000
2022-03-04,1.039,1.028,1.039,1.020,43585.000
2022-03-07,1.015,1.001,1.015,0.981,28280.000
2022-03-08,1.001,0.978,1.001,0.977,49908.000
2022-03-09,0.984,0.978,0.989,0.976,34982.000
2022-03-10,1.065,1.010,1.065,0.999,22359.000
2022-03-11,0.982,0.989,1.005,0.980,74369.000
2022-03-14,0.992,0.983,0.994,0.983,49834.000
2022-03-15,0.981,0.983,0.983,0.976,38926.000
2022-03-16,0.988,0.998,0.999,0.988,77602.000
2022-03-17,1.020,1.020,1.022,1.011,79689.000
2022-03-18,1.013,1.028,1.028,1.013,28463.000
2022-03-21,1.034,1.034,1.049,1.028,66398.000
2022-03-22,1.035,1.040,1.045,1.035,27564.000
2022-03-23,1.052,1.060,1.080,1.052,30221.000
2022-03-24,1.056,1.062,1.063,1.042,16448.000
2022-03-25,1.060,1.057,1.062,1.054,33790.000
2022-03-28,1.056,1.042,1.056,1.035,37980.000
2022-03-29,1.045,1.047,1.047,1.043,19570.000
2022-03-30,1.046,1.055,1.055,1.046,20045.000
2022-03-31,1.054,1.044,1.055,1.042,30410.000
2022-04-01,1.039,1.044,1.045,1.037,21322.000
2022-04-06,1.039,1.019,1.039,1.016,39727.000
2022-04-07,1.007,1.005,1.007,1.000,51120.000
2022-04-08,1.001,1.008,1.009,0.997,41341.000
2022-04-11,1.003,0.997,1.003,0.994,25314.000
2022-04-12,0.988,0.976,0.988,0.971,57534.000
2022-04-13,0.980,0.990,0.991,0.980,47285.000
2022-04-14,1.014,0.999,1.014,0.995,32948.000
2022-04-15,0.994,0.990,0.996,0.990,20251.000
2022-04-18,0.972,0.981,0.981,0.972,12362.000
2022-04-19,0.981,0.978,0.986,0.974,33967.000
2022-04-20,0.979,0.981,0.984,0.976,40735.000
2022-04-21,0.988,1.011,1.069,0.986,44419.000
2022-04-22,0.999,0.994,0.999,0.980,47856.000
2022-04-25,0.995,0.982,0.995,0.973,43949.000
2022-04-26,0.987,0.991,0.996,0.987,42194.000
2022-04-27,0.976,0.980,0.984,0.975,36746.000
2022-04-28,0.986,0.995,0.996,0.980,20745.000
2022-04-29,1.001,1.007,1.011,0.996,36710.000
2022-05-05,1.010,1.009,1.011,1.002,56330.000
2022-05-06,0.990,0.999,0.999,0.983,43886.000
2022-05-09,0.996,0.981,0.996,0.972,30998.000
2022-05-10,0.962,0.981,0.981,0.962,61301.000
2022-05-11,0.978,0.980,0.985,0.978,15033.000
2022-05-12,0.975,0.973,0.979,0.972,14824.000
2022-05-13,0.997,1.008,1.014,0.997,43734.000
2022-05-16,1.015,1.011,1.015,1.007,66689.000
2022-05-17,1.014,1.012,1.016,1.011,31676.000
2022-05-18,1.019,1.014,1.019,1.012,23189.000
2022-05-19,1.000,1.006,1.008,0.995,41478.000
2022-05-20,1.010,1.012,1.018,1.010,41183.000
2022-05-23,1.016,1.020,1.020,1.016,76336.000
2022-05-24,1.015,1.012,1.017,1.012,32118.000
2022-05-25,1.013,1.015,1.016,1.011,17775.000
2022-05-26,1.025,1.019,1.025,1.011,50979.000
2022-05-27,1.029,1.028,1.034,1.022,58903.000
2022-05-30,1.041,1.038,1.042,1.036,26594.000
2022-05-31,1.039,1.029,1.039,1.027,6688.000
2022-06-01,1.031,1.029,1.031,1.024,8508.000
2022-06-02,1.024,1.020,1.024,1.020,7402.000
2022-06-06,1.022,1.032,1.032,1.020,18689.000
2022-06-07,1.030,1.025,1.030,1.023,26383.000
2022-06-08,1.026,1.029,1.034,1.025,8035.000
2022-06-09,1.024,1.023,1.028,1.020,13072.000
2022-06-10,1.022,1.010,1.022,1.006,14268.000
2022-06-13,0.994,0.984,0.994,0.980,24557.000
2022-06-14,0.981,0.975,0.983,0.967,34556.000
2022-06-15,0.973,0.962,0.973,0.960,71278.000
2022-06-16,0.974,0.961,0.975,0.961,36297.000
2022-06-17,0.944,0.952,0.957,0.944,81840.000
2022-06-20,0.949,0.936,0.949,0.925,77335.000
2022-06-21,0.941,0.951,0.953,0.941,54108.000
2022-06-22,0.951,0.936,0.952,0.936,94012.000
2022-06-23,0.942,0.942,0.944,0.935,57239.000
2022-06-24,0.951,0.954,0.956,0.948,30566.000
2022-06-27,0.959,0.961,0.966,0.956,48605.000
2022-06-28,0.964,0.965,0.966,0.957,42232.000
2022-06-29,0.956,0.952,0.960,0.952,30545.000
2022-06-30,0.950,0.943,0.950,0.941,39000.000
2022-07-01,0.943,0.937,0.943,0.931,41618.000
2022-07-04,0.942,0.943,0.943,0.936,16045.000
2022-07-05,0.947,0.945,0.947,0.941,33816.000
2022-07-06,0.941,0.938,0.945,0.937,21168.000
2022-07-07,0.938,0.948,0.948,0.937,103883.000
2022-07-08,0.953,0.949,0.956,0.945,98478.000
2022-07-11,0.958,0.947,0.958,0.947,40530.000
2022-07-12,0.942,0.937,0.942,0.933,22210.000
2022-07-13,0.939,0.940,0.941,0.937,9826.000
2022-07-14,0.937,0.941,0.943,0.935,13700.000
2022-07-15,0.941,0.942,1.035,0.935,26210.000
2022-07-18,0.946,0.956,0.956,0.946,36326.000
2022-07-19,0.959,0.955,0.959,0.948,8215.000
2022-07-20,0.966,0.974,0.975,0.965,32375.000
2022-07-21,0.973,0.980,0.981,0.969,40760.000
2022-07-22,0.982,0.989,0.990,0.982,13594.000
2022-07-25,0.986,0.988,0.990,0.985,24989.000
2022-07-26,0.981,0.984,0.987,0.981,11178.000
2022-07-27,0.985,0.985,0.987,0.983,5925.000
2022-07-28,0.990,0.996,0.999,0.983,39211.000
2022-07-29,1.000,1.014,1.014,1.000,25923.000
2022-08-01,1.014,1.029,1.029,1.009,11021.000
2022-08-02,1.028,1.027,1.030,1.020,36207.000
2022-08-03,1.015,1.011,1.019,1.008,60006.000
2022-08-04,1.014,1.012,1.016,1.011,3783.000
2022-08-05,1.016,1.028,1.029,1.016,9496.000
2022-08-08,1.028,1.018,1.028,1.012,5336.000
2022-08-09,1.030,1.008,1.030,1.007,9597.000
2022-08-10,1.003,1.001,1.008,1.000,3687.000
2022-08-11,1.019,1.028,1.030,1.019,30912.000
2022-08-12,1.037,1.037,1.039,1.030,20321.000
2022-08-15,1.042,1.053,1.055,1.042,26721.000
2022-08-16,1.054,1.057,1.060,1.054,13287.000
2022-08-17,1.061,1.060,1.065,1.057,34342.000
2022-08-18,1.050,1.046,1.050,1.045,13151.000
2022-08-19,1.042,1.039,1.046,1.039,13145.000
2022-08-22,1.038,1.031,1.038,1.030,5206.000
2022-08-23,1.027,1.025,1.027,1.021,12759.000
2022-08-24,1.021,1.024,1.027,1.020,4552.000
2022-08-25,1.026,1.034,1.075,1.026,9473.000
2022-08-26,1.037,1.034,1.040,1.034,5408.000
2022-08-29,1.030,1.004,1.030,0.997,6165.000
2022-08-30,1.008,1.015,1.104,1.008,4039.000
2022-08-31,1.015,1.011,1.015,1.007,13353.000
2022-09-01,1.006,0.992,1.006,0.987,17610.000
2022-09-02,0.992,0.986,0.992,0.984,8897.000
2022-09-05,0.976,0.989,0.991,0.976,16694.000
2022-09-06,0.994,0.986,0.997,0.985,3698.000
2022-09-07,0.985,0.969,0.985,0.962,29841.000
2022-09-08,0.978,0.982,0.984,0.977,31193.000
2022-09-09,0.983,0.989,0.992,0.982,38345.000
2022-09-13,0.996,1.005,1.005,0.996,7301.000
2022-09-14,0.983,0.975,0.983,0.955,45058.000
2022-09-15,0.978,0.977,0.982,0.977,11261.000
2022-09-16,0.974,0.969,0.974,0.968,10756.000
2022-09-19,0.969,0.971,0.974,0.969,3745.000
2022-09-20,0.978,0.979,0.979,0.976,4320.000
2022-09-21,0.977,0.967,0.977,0.964,13943.000
2022-09-22,0.962,0.959,0.963,0.953,13918.000
2022-09-23,0.973,0.969,0.973,0.967,8744.000
2022-09-26,0.964,0.953,0.964,0.949,10762.000
2022-09-27,0.955,0.952,0.958,0.948,29963.000
2022-09-28,0.941,0.942,0.948,0.934,39891.000
2022-09-29,0.955,0.951,0.955,0.946,22442.000
2022-09-30,0.946,0.933,0.946,0.928,9316.000
2022-10-10,0.933,0.944,0.958,0.933,18814.000
2022-10-11,0.944,0.945,0.950,0.940,13540.000
2022-10-12,0.944,0.947,0.952,0.941,20424.000
2022-10-13,0.948,0.936,0.948,0.935,5134.000
2022-10-14,0.947,0.958,0.960,0.947,10374.000
2022-10-17,0.953,0.945,0.953,0.940,11818.000
2022-10-18,0.954,0.957,0.959,0.949,6669.000
2022-10-19,0.966,0.960,0.966,0.952,5007.000
2022-10-20,0.953,0.949,0.953,0.943,6753.000
2022-10-21,0.944,0.943,0.946,0.942,3607.000
2022-10-24,0.947,0.951,0.960,0.911,39879.000
2022-10-25,0.960,0.972,0.973,0.960,28978.000
2022-10-26,0.991,0.979,0.992,0.973,7723.000
2022-10-27,0.973,0.980,0.984,0.973,20227.000
2022-10-28,0.975,0.973,0.979,0.973,5644.000
2022-10-31,0.971,0.987,0.987,0.971,8890.000
2022-11-01,0.987,0.989,0.993,0.985,13415.000
2022-11-02,0.930,0.990,1.088,0.930,11377.000
2022-11-03,0.991,0.985,0.991,0.984,2762.000
2022-11-04,1.000,0.974,1.000,0.969,13760.000
2022-11-07,0.980,0.983,0.985,0.980,6469.000
2022-11-08,0.992,0.998,0.999,0.992,10681.000
2022-11-09,1.002,0.999,1.005,0.998,3422.000
2022-11-10,0.994,0.992,0.994,0.986,4389.000
2022-11-11,1.030,1.026,1.040,1.025,56823.000
2022-11-14,1.031,1.026,1.031,1.023,46564.000
2022-11-15,1.021,1.022,1.023,1.019,2375.000
2022-11-16,1.015,1.030,1.030,1.015,17927.000
2022-11-17,1.030,1.038,1.038,1.030,22356.000
2022-11-18,1.038,1.029,1.040,1.029,24933.000
2022-11-21,1.023,1.030,1.034,1.023,31950.000
2022-11-22,1.039,1.032,1.039,1.029,2763.000
2022-11-23,1.040,1.041,1.042,1.032,14338.000
2022-11-24,1.054,1.064,1.076,1.054,21128.000
2022-11-25,1.064,1.062,1.064,1.058,9525.000
2022-11-28,1.062,1.064,1.067,1.058,18801.000
2022-11-29,1.056,1.055,1.059,1.053,18794.000
2022-11-30,1.047,1.052,1.052,1.043,19630.000
2022-12-01,1.056,1.061,1.064,1.056,17505.000
2022-12-02,1.045,1.051,1.053,1.045,27145.000
2022-12-05,1.048,1.050,1.054,1.047,27492.000
2022-12-06,1.042,1.033,1.049,1.023,5828.000
2022-12-07,1.032,1.024,1.032,1.024,4732.000
2022-12-08,1.021,1.023,1.023,1.017,12496.000
2022-12-09,1.029,1.036,1.036,1.029,9300.000
2022-12-12,1.033,1.029,1.033,1.026,8195.000
2022-12-13,1.025,1.032,1.033,1.025,7204.000
2022-12-14,1.037,1.050,1.050,1.037,21689.000
2022-12-15,1.049,1.043,1.049,1.042,11719.000
2022-12-16,1.038,1.017,1.038,1.014,16210.000
2022-12-19,1.015,1.016,1.017,1.011,33464.000
2022-12-20,1.010,1.007,1.013,1.003,141048.000
2022-12-21,1.009,1.010,1.020,1.008,121770.000
2022-12-22,1.013,1.015,1.016,1.009,24233.000
2022-12-23,1.010,1.002,1.010,1.001,29516.000
2022-12-26,0.997,1.008,1.009,0.997,29003.000
2022-12-27,1.008,1.006,1.011,1.004,24675.000
2022-12-28,1.000,0.990,1.000,0.990,41388.000
2022-12-29,0.983,0.986,0.987,0.981,35044.000
2022-12-30,0.993,0.993,0.999,0.993,43143.000
2023-01-03,0.998,0.994,0.998,0.992,18985.000
2023-01-04,0.987,0.987,0.990,0.985,35729.000
2023-01-05,0.990,0.984,0.992,0.981,26362.000
2023-01-06,0.984,0.979,0.984,0.976,42753.000
2023-01-09,0.987,0.986,0.987,0.982,28697.000
2023-01-10,0.989,0.982,0.989,0.980,26588.000
2023-01-11,0.986,0.985,0.988,0.984,24409.000
2023-01-12,0.985,0.988,0.990,0.985,26839.000
2023-01-13,0.989,0.991,0.991,0.984,46750.000
2023-01-16,0.990,0.986,0.990,0.985,49612.000
2023-01-17,0.993,0.998,0.999,0.992,31406.000
2023-01-18,1.003,1.014,1.020,1.003,103386.000
2023-01-19,1.013,1.013,1.013,1.008,39432.000
2023-01-20,1.012,1.015,1.015,1.008,37601.000
2023-01-30,1.027,1.032,1.033,1.019,54883.000
2023-01-31,1.032,1.024,1.032,1.023,36003.000
2023-02-01,1.028,1.026,1.030,1.025,12285.000
2023-02-02,1.032,1.036,1.036,1.030,28461.000
2023-02-03,1.042,1.045,1.046,1.041,58098.000
2023-02-06,1.041,1.030,1.050,1.030,69972.000
2023-02-07,1.030,1.026,1.031,1.024,40741.000
2023-02-08,1.026,1.032,1.033,1.025,25908.000
2023-02-09,1.027,1.033,1.033,1.026,21520.000
2023-02-10,1.035,1.032,1.039,1.030,23915.000
2023-02-13,1.028,1.026,1.028,1.022,12450.000
2023-02-14,1.030,1.030,1.032,1.026,11397.000
2023-02-15,1.029,1.023,1.029,1.021,14048.000
2023-02-16,1.027,1.024,1.027,1.024,35568.000
2023-02-17,1.022,1.015,1.023,1.013,9600.000
2023-02-20,1.015,1.017,1.018,1.015,16506.000
2023-02-21,1.015,1.016,1.019,1.014,23017.000
2023-02-22,1.013,1.004,1.013,1.000,28073.000
2023-02-23,1.005,1.004,1.005,1.001,17341.000
2023-02-24,1.015,1.021,1.022,1.014,34597.000
2023-02-27,1.019,1.016,1.019,1.013,4693.000
2023-02-28,1.019,1.013,1.019,1.010,7762.000
2023-03-01,1.011,1.009,1.013,1.007,38914.000
2023-03-02,1.007,1.005,1.008,1.003,9476.000
2023-03-03,1.019,1.019,1.022,1.015,18170.000
2023-03-06,1.032,1.037,1.041,1.028,34606.000
2023-03-07,1.044,1.043,1.047,1.041,29172.000
2023-03-08,1.043,1.038,1.045,1.038,14738.000
2023-03-09,1.043,1.052,1.053,1.043,17891.000
2023-03-10,1.053,1.037,1.053,1.036,47132.000
2023-03-13,1.032,1.032,1.032,1.023,32149.000
2023-03-14,1.022,1.012,1.022,1.010,19108.000
2023-03-15,1.013,1.013,1.026,1.008,20521.000
2023-03-16,1.012,1.014,1.016,1.008,17041.000
2023-03-17,1.020,1.025,1.026,1.016,22549.000
2023-03-20,1.018,1.019,1.025,1.016,36661.000
2023-03-21,1.025,1.027,1.029,1.025,40052.000
2023-03-22,1.034,1.034,1.035,1.031,18495.000
2023-03-23,1.030,1.034,1.038,1.030,13111.000
2023-03-24,1.033,1.038,1.041,1.029,88900.000
2023-03-27,1.042,1.043,1.045,1.040,24769.000
2023-03-28,1.047,1.044,1.048,1.043,33635.000
2023-03-29,1.045,1.052,1.054,1.043,15302.000
2023-03-30,1.051,1.050,1.051,1.045,16532.000
2023-03-31,1.056,1.057,1.058,1.053,23180.000
2023-04-03,1.070,1.060,1.070,1.054,19375.000
2023-04-04,1.063,1.070,1.070,1.063,6186.000
2023-04-06,1.052,1.052,1.058,1.050,30422.000
2023-04-07,1.050,1.052,1.054,1.050,13344.000
2023-04-10,1.052,1.049,1.052,1.048,16619.000
2023-04-11,1.054,1.054,1.058,1.052,14835.000
2023-04-12,1.057,1.057,1.059,1.056,5780.000
2023-04-13,1.058,1.059,1.060,1.056,7511.000
2023-04-14,1.072,1.072,1.075,1.069,6946.000
2023-04-17,1.072,1.071,1.072,1.066,4365.000
2023-04-18,1.106,1.076,1.106,1.072,9693.000
2023-04-19,1.074,1.068,1.074,1.068,7231.000
2023-04-20,1.064,1.070,1.077,1.064,2634.000
2023-04-21,1.074,1.076,1.080,1.072,11191.000
2023-04-24,1.076,1.076,1.079,1.072,4446.000
2023-04-25,1.072,1.076,1.084,1.072,14773.000
2023-04-26,1.076,1.075,1.079,1.074,9282.000
2023-04-27,1.074,1.071,1.074,1.068,8581.000
2023-04-28,1.075,1.084,1.085,1.075,21375.000
2023-05-04,1.086,1.096,1.110,1.085,39452.000
2023-05-05,1.086,1.095,1.184,1.084,28167.000
2023-05-08,1.098,1.087,1.098,1.085,18797.000
2023-05-09,1.091,1.093,1.097,1.089,28218.000
2023-05-10,1.092,1.090,1.092,1.088,5160.000
2023-05-11,1.090,1.096,1.099,1.090,11714.000
2023-05-12,1.105,1.114,1.114,1.102,31492.000
2023-05-15,1.128,1.113,1.128,1.108,55052.000
2023-05-16,1.120,1.117,1.124,1.113,48531.000
2023-05-17,1.120,1.130,1.135,1.120,176043.000
2023-05-18,1.147,1.150,1.153,1.140,213700.000
2023-05-19,1.164,1.153,1.244,1.147,534511.000
2023-05-22,1.156,1.161,1.166,1.152,280177.000
2023-05-23,1.169,1.143,1.174,1.140,233086.000
2023-05-24,1.135,1.133,1.141,1.132,226078.000
2023-05-25,1.138,1.140,1.141,1.133,94288.000
2023-05-26,1.146,1.135,1.148,1.133,157106.000
2023-05-29,1.147,1.146,1.149,1.141,102585.000
2023-05-30,1.141,1.154,1.155,1.141,62891.000
2023-05-31,1.149,1.142,1.150,1.137,66391.000
2023-06-01,1.152,1.156,1.158,1.143,67263.000
2023-06-02,1.165,1.173,1.173,1.162,94846.000
2023-06-05,1.195,1.194,1.196,1.175,175061.000
2023-06-06,1.198,1.208,1.210,1.195,194961.000
2023-06-07,1.190,1.186,1.199,1.186,140310.000
2023-06-08,1.188,1.174,1.191,1.160,188949.000
2023-06-09,1.192,1.201,1.202,1.190,136567.000
2023-06-12,1.210,1.211,1.213,1.205,157736.000
2023-06-13,1.220,1.237,1.268,1.220,186902.000
2023-06-14,1.242,1.248,1.249,1.234,231335.000
2023-06-15,1.248,1.233,1.250,1.231,284007.000
2023-06-16,1.228,1.240,1.243,1.227,294360.000
2023-06-19,1.233,1.224,1.235,1.218,217033.000
2023-06-20,1.225,1.226,1.227,1.216,143868.000
2023-06-21,1.230,1.249,1.255,1.230,229954.000
2023-06-26,1.227,1.199,1.227,1.197,288711.000
2023-06-27,1.183,1.192,1.192,1.183,217011.000
2023-06-28,1.194,1.216,1.217,1.194,166676.000
2023-06-29,1.230,1.210,1.231,1.208,205464.000
2023-06-30,1.204,1.211,1.212,1.201,136276.000
2023-07-03,1.228,1.230,1.240,1.224,179093.000
2023-07-04,1.218,1.214,1.219,1.212,143570.000
2023-07-05,1.213,1.210,1.215,1.207,127089.000
2023-07-06,1.202,1.196,1.203,1.196,144366.000
2023-07-07,1.195,1.187,1.196,1.186,152628.000
2023-07-10,1.187,1.185,1.190,1.179,93229.000
2023-07-11,1.198,1.197,1.205,1.193,125077.000
2023-07-12,1.185,1.195,1.196,1.185,84311.000
2023-07-13,1.213,1.221,1.222,1.210,148639.000
2023-07-14,1.217,1.209,1.224,1.208,186172.000
2023-07-17,1.209,1.210,1.210,1.206,48573.000
2023-07-18,1.220,1.217,1.221,1.213,94319.000
2023-07-19,1.229,1.237,1.239,1.227,139480.000
2023-07-20,1.225,1.209,1.226,1.208,147407.000
2023-07-21,1.200,1.198,1.205,1.194,84454.000
2023-07-24,1.212,1.202,1.212,1.201,95543.000
2023-07-25,1.199,1.197,1.199,1.180,105699.000
2023-07-26,1.196,1.200,1.201,1.195,57288.000
2023-07-27,1.204,1.217,1.218,1.203,84481.000
2023-07-28,1.203,1.215,1.223,1.202,189090.000
2023-07-31,1.228,1.214,1.230,1.200,149458.000
2023-08-01,1.215,1.214,1.217,1.212,94263.000
2023-08-02,1.201,1.187,1.204,1.186,182271.000
2023-08-03,1.173,1.168,1.177,1.166,134698.000
2023-08-04,1.170,1.174,1.175,1.167,88049.000
2023-08-07,1.179,1.186,1.186,1.175,68716.000
2023-08-08,1.190,1.183,1.190,1.177,54580.000
2023-08-09,1.182,1.178,1.182,1.175,59825.000
2023-08-10,1.177,1.181,1.182,1.170,55329.000
2023-08-11,1.182,1.181,1.184,1.180,33938.000
2023-08-14,1.179,1.167,1.179,1.163,47430.000
2023-08-15,1.174,1.171,1.176,1.170,74267.000
2023-08-16,1.161,1.158,1.164,1.154,54898.000
2023-08-17,1.143,1.148,1.149,1.128,63758.000
2023-08-18,1.145,1.142,1.149,1.139,62371.000
2023-08-21,1.147,1.153,1.159,1.146,62041.000
2023-08-22,1.155,1.157,1.157,1.147,65351.000
2023-08-23,1.159,1.164,1.165,1.158,72125.000
2023-08-24,1.170,1.175,1.176,1.166,111375.000
2023-08-25,1.150,1.142,1.152,1.140,73854.000
2023-08-28,1.155,1.164,1.164,1.152,67014.000
2023-08-29,1.166,1.161,1.166,1.160,65310.000
2023-08-30,1.166,1.166,1.176,1.165,54774.000
2023-08-31,1.171,1.180,1.183,1.171,76283.000
2023-09-01,1.186,1.180,1.190,1.180,101020.000
2023-09-04,1.182,1.188,1.189,1.182,55308.000
2023-09-05,1.184,1.185,1.187,1.179,70951.000
2023-09-06,1.192,1.194,1.195,1.189,74757.000
2023-09-07,1.191,1.186,1.193,1.183,51746.000
2023-09-08,1.181,1.179,1.181,1.173,91636.000
2023-09-11,1.177,1.175,1.177,1.170,30629.000
2023-09-12,1.176,1.182,1.183,1.171,28535.000
2023-09-13,1.180,1.172,1.180,1.170,35887.000
2023-09-14,1.180,1.190,1.192,1.179,70370.000
2023-09-15,1.196,1.197,1.203,1.195,80661.000
2023-09-18,1.187,1.190,1.191,1.183,55770.000
2023-09-19,1.188,1.189,1.189,1.178,30274.000
2023-09-20,1.189,1.183,1.190,1.179,35248.000
2023-09-21,1.175,1.162,1.175,1.159,50267.000
2023-09-22,1.153,1.159,1.160,1.152,39684.000
2023-09-25,1.159,1.164,1.167,1.159,25790.000
2023-09-26,1.158,1.145,1.158,1.145,23352.000
2023-09-27,1.140,1.149,1.151,1.136,31412.000
2023-09-28,1.140,1.139,1.146,1.131,53107.000
2023-10-09,1.127,1.109,1.127,1.107,49115.000
2023-10-10,1.128,1.136,1.139,1.127,55541.000
2023-10-11,1.147,1.142,1.150,1.134,37995.000
2023-10-12,1.151,1.164,1.165,1.151,42886.000
2023-10-13,1.159,1.148,1.159,1.146,24560.000
2023-10-16,1.146,1.130,1.146,1.126,35893.000
2023-10-17,1.142,1.143,1.146,1.138,20477.000
2023-10-18,1.139,1.139,1.143,1.135,26982.000
2023-10-19,1.121,1.116,1.139,1.116,32686.000
2023-10-20,1.110,1.113,1.117,1.106,15789.000
2023-10-23,1.106,1.103,1.110,1.100,27263.000
2023-10-24,1.101,1.112,1.112,1.088,27096.000
2023-10-25,1.118,1.114,1.200,1.110,37877.000
2023-10-26,1.103,1.087,1.103,1.083,53925.000
2023-10-27,1.097,1.102,1.104,1.093,32516.000
2023-10-30,1.092,1.100,1.100,1.090,30943.000
2023-10-31,1.100,1.098,1.100,1.092,32293.000
2023-11-01,1.118,1.119,1.119,1.106,47636.000
2023-11-02,1.130,1.135,1.137,1.125,67856.000
2023-11-03,1.145,1.150,1.151,1.145,38769.000
2023-11-06,1.162,1.159,1.166,1.157,64414.000
2023-11-07,1.150,1.135,1.150,1.135,37035.000
2023-11-08,1.135,1.131,1.140,1.128,29078.000
2023-11-09,1.137,1.150,1.150,1.137,36192.000
2023-11-10,1.135,1.143,1.145,1.135,18985.000
2023-11-13,1.146,1.142,1.150,1.137,28836.000
2023-11-14,1.142,1.145,1.149,1.140,36922.000
2023-11-15,1.165,1.172,1.175,1.165,49678.000
2023-11-16,1.168,1.168,1.168,1.159,45553.000
2023-11-17,1.168,1.176,1.177,1.166,30023.000
2023-11-20,1.176,1.167,1.180,1.166,30124.000
2023-11-21,1.167,1.172,1.175,1.166,32404.000
2023-11-22,1.175,1.169,1.177,1.167,43761.000
2023-11-23,1.177,1.176,1.177,1.172,16311.000
2023-11-24,1.180,1.170,1.180,1.170,41039.000
2023-11-27,1.171,1.169,1.173,1.166,14182.000
2023-11-28,1.169,1.173,1.173,1.168,18141.000
2023-11-29,1.174,1.171,1.181,1.170,29322.000
2023-11-30,1.174,1.181,1.181,1.170,26236.000
2023-12-01,1.179,1.172,1.179,1.172,23599.000
2023-12-04,1.176,1.173,1.178,1.173,22723.000
2023-12-05,1.165,1.156,1.165,1.154,55832.000
2023-12-06,1.168,1.185,1.186,1.168,50538.000
2023-12-07,1.175,1.172,1.175,1.164,43797.000
2023-12-08,1.172,1.170,1.177,1.167,48557.000
2023-12-11,1.180,1.179,1.183,1.178,64870.000
2023-12-12,1.177,1.178,1.184,1.177,62270.000
2023-12-13,1.183,1.186,1.189,1.183,66417.000
2023-12-14,1.188,1.200,1.203,1.188,139475.000
2023-12-15,1.206,1.203,1.209,1.200,74374.000
2023-12-18,1.190,1.199,1.199,1.186,86353.000
2023-12-19,1.199,1.213,1.218,1.195,209432.000
2023-12-20,1.230,1.220,1.234,1.217,395357.000
2023-12-21,1.208,1.204,1.208,1.203,198704.000
2023-12-22,1.215,1.208,1.216,1.207,229589.000
2023-12-25,1.212,1.217,1.218,1.210,141436.000
2023-12-26,1.217,1.220,1.223,1.213,195199.000
2023-12-27,1.233,1.231,1.236,1.228,392325.000
2023-12-28,1.231,1.226,1.232,1.225,233331.000
2023-12-29,1.221,1.223,1.225,1.215,134999.000
2024-01-02,1.215,1.224,1.226,1.209,92258.000
2024-01-03,1.219,1.212,1.219,1.211,133398.000
2024-01-04,1.203,1.207,1.208,1.199,133587.000
2024-01-05,1.208,1.199,1.212,1.198,122842.000
2024-01-08,1.205,1.206,1.207,1.201,84945.000
2024-01-09,1.225,1.229,1.243,1.225,431198.000
2024-01-10,1.250,1.245,1.264,1.244,1267681.000
2024-01-11,1.262,1.291,1.299,1.260,1314755.000
2024-01-12,1.299,1.293,1.313,1.281,1195175.000
2024-01-15,1.302,1.312,1.325,1.298,2031512.000
2024-01-16,1.297,1.275,1.337,1.268,4288905.000
2024-01-17,1.306,1.257,1.324,1.254,3074986.000
2024-01-18,1.261,1.255,1.264,1.246,1824955.000
2024-01-19,1.269,1.269,1.273,1.260,2146957.000
2024-01-22,1.286,1.306,1.317,1.281,4720411.000
2024-01-23,1.320,1.300,1.350,1.288,8819192.000
2024-01-24,1.286,1.277,1.295,1.274,4036806.000
2024-01-25,1.272,1.271,1.279,1.265,2189633.000
2024-01-26,1.263,1.258,1.266,1.255,1617803.000
2024-01-29,1.269,1.274,1.275,1.267,1052179.000
2024-01-30,1.282,1.279,1.285,1.276,1172463.000
2024-01-31,1.267,1.280,1.286,1.262,1821893.000
2024-02-01,1.272,1.272,1.279,1.271,908178.000
2024-02-02,1.287,1.287,1.297,1.282,1837265.000
2024-02-05,1.287,1.281,1.287,1.280,1083180.000
2024-02-06,1.272,1.271,1.277,1.267,1145606.000
2024-02-07,1.271,1.271,1.275,1.267,668284.000
2024-02-08,1.283,1.303,1.306,1.278,1365179.000
2024-02-19,1.336,1.346,1.347,1.323,1543679.000
2024-02-20,1.353,1.336,1.358,1.335,1025187.000
2024-02-21,1.333,1.333,1.336,1.322,1328168.000
2024-02-22,1.347,1.367,1.369,1.345,1904988.000
2024-02-23,1.377,1.381,1.387,1.368,1286667.000
2024-02-26,1.383,1.377,1.409,1.375,1463384.000
2024-02-27,1.386,1.372,1.390,1.368,1630319.000
2024-02-28,1.368,1.368,1.372,1.361,1394596.000
2024-02-29,1.362,1.371,1.372,1.358,1016043.000
2024-03-01,1.390,1.402,1.403,1.388,1573815.000
2024-03-04,1.415,1.424,1.437,1.410,2084872.000
2024-03-05,1.414,1.430,1.438,1.410,1483320.000
2024-03-06,1.430,1.455,1.456,1.424,2273108.000
2024-03-07,1.468,1.435,1.468,1.415,2709201.000
2024-03-08,1.448,1.446,1.458,1.443,1718373.000
2024-03-11,1.408,1.404,1.409,1.395,2797425.000
2024-03-12,1.389,1.402,1.405,1.383,1870294.000
2024-03-13,1.400,1.395,1.407,1.393,1383695.000
2024-03-14,1.390,1.402,1.405,1.386,1126208.000
2024-03-15,1.388,1.377,1.399,1.376,1450467.000
2024-03-18,1.404,1.403,1.406,1.395,1373564.000
2024-03-19,1.395,1.419,1.421,1.390,2119486.000
2024-03-20,1.427,1.421,1.437,1.417,1328829.000
2024-03-21,1.434,1.443,1.444,1.428,1558671.000
2024-03-22,1.444,1.443,1.455,1.437,1587217.000
2024-03-25,1.436,1.418,1.437,1.414,972659.000
2024-03-26,1.420,1.425,1.427,1.416,830270.000
2024-03-27,1.431,1.440,1.451,1.431,2102100.000
2024-03-28,1.428,1.425,1.432,1.421,1360988.000
2024-03-29,1.429,1.437,1.442,1.429,1430899.000
2024-04-01,1.431,1.422,1.434,1.417,1380461.000
2024-04-02,1.428,1.418,1.429,1.417,736302.000
2024-04-03,1.400,1.399,1.408,1.398,831988.000
2024-04-08,1.401,1.393,1.410,1.387,800344.000
2024-04-09,1.400,1.404,1.404,1.395,567679.000
2024-04-10,1.400,1.396,1.401,1.392,528353.000
2024-04-11,1.381,1.383,1.387,1.377,578526.000
2024-04-12,1.386,1.386,1.395,1.384,687997.000
2024-04-15,1.367,1.375,1.377,1.364,689973.000
2024-04-16,1.348,1.320,1.348,1.318,1780597.000
2024-04-17,1.314,1.301,1.325,1.297,1533688.000
2024-04-18,1.296,1.314,1.315,1.296,997796.000
2024-04-19,1.280,1.281,1.281,1.266,1935118.000
2024-04-22,1.276,1.288,1.290,1.275,954498.000
2024-04-23,1.290,1.290,1.292,1.284,621732.000
2024-04-24,1.322,1.322,1.323,1.314,928374.000
2024-04-25,1.299,1.289,1.300,1.288,838798.000
2024-04-26,1.293,1.296,1.307,1.288,1228114.000
2024-04-29,1.296,1.304,1.314,1.288,1296544.000
2024-04-30,1.314,1.305,1.318,1.298,1027839.000
2024-05-06,1.315,1.326,1.327,1.314,912234.000
2024-05-07,1.325,1.326,1.328,1.320,848566.000
2024-05-08,1.314,1.305,1.318,1.304,771429.000
2024-05-09,1.305,1.291,1.309,1.290,860736.000
2024-05-10,1.302,1.296,1.303,1.294,737989.000
2024-05-13,1.290,1.293,1.297,1.287,669287.000
2024-05-14,1.292,1.292,1.293,1.286,655780.000
2024-05-15,1.297,1.296,1.302,1.293,627221.000
2024-05-16,1.315,1.332,1.333,1.315,1445965.000
2024-05-17,1.320,1.315,1.321,1.313,1010458.000
2024-05-20,1.334,1.328,1.337,1.326,884596.000
2024-05-21,1.329,1.318,1.331,1.315,837778.000
2024-05-22,1.307,1.308,1.312,1.306,728361.000
2024-05-23,1.314,1.322,1.324,1.311,850649.000
2024-05-24,1.305,1.299,1.308,1.298,653587.000
2024-05-27,1.302,1.311,1.312,1.300,510905.000
2024-05-28,1.307,1.308,1.309,1.305,418184.000
2024-05-29,1.307,1.295,1.307,1.293,680687.000
2024-05-30,1.265,1.278,1.280,1.264,893469.000
2024-05-31,1.283,1.292,1.295,1.280,762736.000
2024-06-03,1.304,1.304,1.306,1.300,646571.000
2024-06-04,1.301,1.307,1.311,1.298,570959.000
2024-06-05,1.300,1.301,1.307,1.298,345296.000
2024-06-06,1.315,1.309,1.318,1.308,544416.000
2024-06-07,1.310,1.310,1.311,1.304,629190.000
2024-06-11,1.316,1.314,1.316,1.311,377776.000
2024-06-12,1.303,1.306,1.307,1.302,356594.000
2024-06-13,1.307,1.301,1.308,1.298,445439.000
2024-06-14,1.295,1.295,1.304,1.294,831401.000
2024-06-17,1.273,1.277,1.278,1.270,662421.000
2024-06-18,1.286,1.284,1.288,1.282,599378.000
2024-06-19,1.290,1.289,1.294,1.284,418301.000
2024-06-20,1.280,1.290,1.292,1.278,455584.000
2024-06-21,1.287,1.283,1.289,1.281,335436.000
2024-06-24,1.276,1.281,1.287,1.275,514511.000
2024-06-25,1.284,1.302,1.303,1.283,835305.000
2024-06-26,1.313,1.314,1.321,1.310,2534234.000
2024-06-27,1.294,1.301,1.302,1.293,1047681.000
2024-06-28,1.310,1.305,1.313,1.301,906538.000
2024-07-01,1.308,1.306,1.310,1.301,842965.000
2024-07-02,1.307,1.317,1.319,1.302,1445899.000
2024-07-03,1.326,1.336,1.341,1.325,1511594.000
2024-07-04,1.343,1.356,1.358,1.339,2184250.000
2024-07-05,1.358,1.363,1.373,1.356,2339380.000
2024-07-08,1.364,1.365,1.375,1.359,1503756.000
2024-07-09,1.385,1.407,1.408,1.380,3100767.000
2024-07-10,1.406,1.401,1.414,1.384,3076740.000
2024-07-11,1.409,1.406,1.415,1.401,1969117.000
2024-07-12,1.380,1.373,1.388,1.367,2267335.000
2024-07-15,1.378,1.393,1.394,1.378,820736.000
2024-07-16,1.393,1.391,1.401,1.387,1676221.000
2024-07-17,1.397,1.380,1.397,1.377,1530719.000
2024-07-18,1.366,1.369,1.374,1.363,1244816.000
2024-07-19,1.364,1.346,1.364,1.345,831267.000
2024-07-22,1.336,1.335,1.340,1.329,1210366.000
2024-07-23,1.343,1.337,1.348,1.336,720770.000
2024-07-24,1.342,1.336,1.348,1.335,917354.000
2024-07-25,1.310,1.303,1.318,1.299,1635458.000
2024-07-26,1.298,1.301,1.308,1.296,1296353.000
2024-07-29,1.330,1.329,1.334,1.322,911069.000
2024-07-30,1.320,1.317,1.322,1.307,1086477.000
2024-07-31,1.319,1.354,1.356,1.316,1589459.000
2024-08-01,1.336,1.337,1.346,1.331,1898525.000
2024-08-02,1.283,1.267,1.297,1.265,2223614.000
2024-08-05,1.212,1.140,1.228,1.140,5601225.000
2024-08-06,1.229,1.205,1.238,1.193,7885937.000
2024-08-07,1.229,1.227,1.263,1.224,6264834.000
2024-08-08,1.219,1.227,1.239,1.216,2744744.000
2024-08-09,1.237,1.229,1.245,1.200,3528570.000
2024-08-12,1.238,1.241,1.244,1.236,748880.000
2024-08-13,1.256,1.263,1.265,1.252,2259584.000
2024-08-14,1.272,1.270,1.283,1.263,2595211.000
2024-08-15,1.276,1.280,1.282,1.274,1109883.000
2024-08-16,1.310,1.317,1.318,1.305,1529103.000
2024-08-19,1.315,1.302,1.322,1.299,1513708.000
2024-08-20,1.322,1.323,1.331,1.320,1723300.000
2024-08-21,1.319,1.325,1.333,1.318,998069.000
2024-08-22,1.340,1.341,1.345,1.334,1113891.000
2024-08-23,1.333,1.342,1.344,1.333,949151.000
2024-08-26,1.342,1.343,1.346,1.339,814572.000
2024-08-27,1.340,1.344,1.347,1.335,696385.000
2024-08-28,1.345,1.354,1.354,1.344,704163.000
2024-08-29,1.348,1.344,1.351,1.343,1110034.000
2024-08-30,1.349,1.352,1.352,1.343,955944.000
2024-09-02,1.351,1.342,1.351,1.340,1026231.000
2024-09-03,1.348,1.346,1.349,1.339,829543.000
2024-09-04,1.301,1.293,1.310,1.290,1374782.000
2024-09-05,1.299,1.292,1.309,1.286,1149975.000
2024-09-06,1.291,1.288,1.297,1.284,1072250.000
2024-09-09,1.260,1.287,1.288,1.259,1455609.000
2024-09-10,1.295,1.282,1.297,1.280,1020606.000
2024-09-11,1.284,1.287,1.299,1.269,1160143.000
2024-09-12,1.308,1.312,1.313,1.303,1133894.000
2024-09-13,1.316,1.312,1.319,1.311,748537.000
2024-09-18,1.310,1.301,1.310,1.296,574082.000
2024-09-19,1.316,1.317,1.321,1.312,1390035.000
2024-09-20,1.340,1.333,1.341,1.330,1040838.000
2024-09-23,1.342,1.342,1.345,1.338,531995.000
2024-09-24,1.345,1.327,1.345,1.324,1248708.000
2024-09-25,1.321,1.320,1.329,1.320,1194815.000
2024-09-26,1.336,1.344,1.345,1.336,1534904.000
2024-09-27,1.350,1.342,1.360,1.329,869403.000
2024-09-30,1.310,1.335,1.340,1.310,2077003.000
2024-10-08,1.325,1.325,1.331,1.322,895541.000
2024-10-09,1.332,1.334,1.340,1.330,710375.000
2024-10-10,1.338,1.331,1.338,1.328,422025.000
2024-10-11,1.345,1.346,1.349,1.341,613273.000
2024-10-14,1.345,1.349,1.350,1.338,278149.000
2024-10-15,1.361,1.360,1.369,1.357,713031.000
2024-10-16,1.342,1.338,1.343,1.334,428921.000
2024-10-17,1.331,1.335,1.336,1.327,427195.000
2024-10-18,1.332,1.328,1.332,1.325,450029.000
2024-10-21,1.328,1.327,1.332,1.326,316112.000
2024-10-22,1.307,1.303,1.307,1.300,819294.000
2024-10-23,1.300,1.284,1.301,1.282,1024278.000
2024-10-24,1.287,1.280,1.288,1.278,623466.000
2024-10-25,1.275,1.280,1.280,1.271,701353.000
2024-10-28,1.288,1.291,1.292,1.282,971603.000
2024-10-29,1.291,1.305,1.305,1.291,741712.000
2024-10-30,1.312,1.318,1.318,1.308,724833.000
2024-10-31,1.305,1.300,1.307,1.297,717651.000
2024-11-01,1.283,1.276,1.285,1.271,735086.000
2024-11-04,1.280,1.288,1.291,1.280,498488.000
2024-11-05,1.287,1.290,1.290,1.285,602733.000
2024-11-06,1.302,1.322,1.324,1.300,1134670.000
2024-11-07,1.306,1.310,1.314,1.303,624877.000
2024-11-08,1.316,1.323,1.328,1.313,1046875.000
2024-11-11,1.325,1.325,1.325,1.318,616357.000
2024-11-12,1.330,1.324,1.337,1.319,703659.000
2024-11-13,1.310,1.291,1.310,1.289,1008812.000
2024-11-14,1.294,1.280,1.295,1.280,587146.000
2024-11-15,1.288,1.281,1.289,1.279,409857.000
2024-11-18,1.282,1.284,1.285,1.280,350784.000
2024-11-19,1.286,1.288,1.293,1.282,447100.000
2024-11-20,1.283,1.283,1.284,1.280,512728.000
2024-11-21,1.277,1.275,1.278,1.272,521963.000
2024-11-22,1.287,1.287,1.293,1.285,1408786.000
2024-11-25,1.310,1.305,1.311,1.303,1615996.000
2024-11-26,1.285,1.300,1.301,1.285,874118.000
2024-11-27,1.297,1.301,1.301,1.295,1069155.000
2024-11-28,1.300,1.313,1.317,1.300,1334218.000
2024-11-29,1.311,1.313,1.315,1.310,928980.000
2024-12-02,1.311,1.328,1.329,1.311,894148.000
2024-12-03,1.353,1.361,1.368,1.353,1137643.000
2024-12-04,1.360,1.359,1.362,1.353,667730.000
2024-12-05,1.362,1.364,1.367,1.360,544145.000
2024-12-06,1.353,1.349,1.353,1.344,820252.000
2024-12-09,1.355,1.354,1.360,1.352,416022.000
2024-12-10,1.345,1.347,1.348,1.341,476255.000
2024-12-11,1.342,1.341,1.342,1.333,466293.000
2024-12-12,1.360,1.351,1.361,1.349,954299.000
2024-12-13,1.340,1.342,1.342,1.334,570651.000
2024-12-16,1.335,1.334,1.337,1.331,512373.000
2024-12-17,1.338,1.338,1.341,1.331,841754.000
2024-12-18,1.327,1.336,1.339,1.327,413955.000
2024-12-19,1.323,1.327,1.331,1.313,578008.000
2024-12-20,1.314,1.307,1.323,1.306,509287.000
2024-12-23,1.317,1.336,1.337,1.316,537349.000
2024-12-24,1.329,1.328,1.332,1.326,305666.000
2024-12-25,1.327,1.325,1.327,1.320,321412.000
2024-12-26,1.331,1.331,1.334,1.327,469180.000
2024-12-27,1.339,1.356,1.358,1.338,1177757.000
2024-12-30,1.347,1.341,1.353,1.340,554609.000
2024-12-31,1.333,1.335,1.337,1.328,277959.000
2025-01-02,1.334,1.342,1.345,1.330,395373.000
2025-01-03,1.340,1.345,1.355,1.339,613621.000
2025-01-06,1.340,1.337,1.344,1.333,484458.000
2025-01-07,1.358,1.357,1.365,1.349,839575.000
2025-01-08,1.347,1.355,1.372,1.346,790283.000
2025-01-09,1.348,1.348,1.354,1.340,382602.000
2025-01-10,1.342,1.327,1.385,1.324,3430331.000
2025-01-13,1.324,1.307,1.330,1.302,872426.000
2025-01-14,1.310,1.315,1.315,1.302,565451.000
2025-01-15,1.314,1.317,1.325,1.310,577390.000
2025-01-16,1.329,1.329,1.331,1.320,681248.000
2025-01-17,1.322,1.334,1.339,1.320,2646016.000
2025-01-20,1.347,1.346,1.367,1.340,4948143.000
2025-01-21,1.348,1.348,1.361,1.343,1837670.000
2025-01-22,1.365,1.382,1.384,1.363,3360950.000
2025-01-23,1.383,1.373,1.427,1.368,12567863.000
2025-01-24,1.388,1.360,1.401,1.356,7192522.000
2025-01-27,1.366,1.335,1.367,1.333,1430642.000
2025-02-05,1.334,1.338,1.339,1.330,717580.000
2025-02-06,1.345,1.353,1.358,1.344,873670.000
2025-02-07,1.352,1.351,1.358,1.349,675697.000
2025-02-10,1.350,1.352,1.357,1.349,573201.000
2025-02-11,1.353,1.355,1.356,1.352,443987.000
2025-02-12,1.352,1.348,1.354,1.345,501442.000
2025-02-13,1.355,1.353,1.357,1.352,939142.000
2025-02-14,1.350,1.347,1.351,1.345,501580.000
2025-02-17,1.345,1.345,1.346,1.340,448458.000
2025-02-18,1.350,1.355,1.356,1.348,1241162.000
2025-02-19,1.355,1.349,1.355,1.342,1007746.000
2025-02-20,1.338,1.343,1.343,1.337,506506.000
2025-02-21,1.338,1.341,1.345,1.337,581995.000
2025-02-24,1.334,1.337,1.337,1.330,645477.000
2025-02-25,1.334,1.336,1.337,1.332,324516.000
2025-02-26,1.328,1.331,1.332,1.322,455857.000
2025-02-27,1.333,1.341,1.343,1.332,476350.000
2025-02-28,1.312,1.301,1.317,1.300,645368.000
2025-03-03,1.308,1.320,1.321,1.307,395127.000
2025-03-04,1.303,1.309,1.310,1.290,606916.000
2025-03-05,1.307,1.306,1.308,1.293,368991.000
2025-03-06,1.312,1.316,1.318,1.312,352470.000
2025-03-07,1.301,1.300,1.307,1.299,490274.000
2025-03-10,1.303,1.302,1.312,1.300,547056.000
2025-03-11,1.280,1.293,1.295,1.275,528913.000
2025-03-12,1.290,1.287,1.292,1.287,338204.000
2025-03-13,1.298,1.286,1.300,1.285,614474.000
2025-03-14,1.287,1.291,1.294,1.287,409030.000
2025-03-17,1.301,1.300,1.304,1.298,338198.000
2025-03-18,1.311,1.311,1.314,1.309,534174.000
2025-03-19,1.315,1.308,1.325,1.307,1001017.000
2025-03-20,1.315,1.320,1.321,1.314,426065.000
2025-03-21,1.321,1.315,1.324,1.313,426834.000
2025-03-24,1.314,1.316,1.320,1.314,273443.000
2025-03-25,1.323,1.315,1.324,1.314,227292.000
2025-03-26,1.320,1.318,1.323,1.312,523224.000
2025-03-27,1.308,1.306,1.309,1.302,302087.000
2025-03-28,1.290,1.293,1.294,1.287,467608.000
2025-03-31,1.269,1.269,1.273,1.265,715900.000
2025-04-01,1.275,1.270,1.275,1.267,359560.000
2025-04-02,1.270,1.275,1.280,1.268,718623.000
2025-04-03,1.250,1.252,1.256,1.243,571638.000
2025-04-07,1.141,1.132,1.176,1.130,1261684.000
2025-04-08,1.203,1.202,1.207,1.180,1388236.000
2025-04-09,1.174,1.191,1.193,1.157,927007.000
2025-04-10,1.270,1.253,1.278,1.245,1489673.000
2025-04-11,1.215,1.242,1.245,1.212,836043.000
2025-04-14,1.256,1.263,1.265,1.255,699009.000
2025-04-15,1.270,1.262,1.272,1.261,304821.000
2025-04-16,1.259,1.256,1.265,1.249,390850.000
2025-04-17,1.259,1.271,1.274,1.259,464242.000
2025-04-18,1.278,1.284,1.284,1.276,382255.000
2025-04-21,1.274,1.275,1.281,1.274,369210.000
2025-04-22,1.274,1.286,1.287,1.274,314345.000
2025-04-23,1.297,1.292,1.298,1.286,527321.000
2025-04-24,1.292,1.285,1.298,1.285,365130.000
2025-04-25,1.300,1.305,1.306,1.297,473503.000
2025-04-28,1.308,1.309,1.315,1.308,290183.000
2025-04-29,1.322,1.325,1.327,1.319,446337.000
2025-04-30,1.322,1.325,1.325,1.315,379552.000
2025-05-06,1.344,1.340,1.345,1.337,418810.000
2025-05-07,1.335,1.336,1.339,1.330,411520.000
2025-05-08,1.335,1.342,1.343,1.334,576032.000
2025-05-09,1.346,1.346,1.348,1.337,359014.000
2025-05-12,1.345,1.343,1.346,1.338,395022.000
2025-05-13,1.346,1.335,1.348,1.335,361324.000
2025-05-14,1.334,1.344,1.345,1.332,509764.000
2025-05-15,1.339,1.339,1.343,1.335,344996.000
2025-05-16,1.339,1.345,1.346,1.337,284315.000
2025-05-19,1.344,1.335,1.344,1.334,228454.000
2025-05-20,1.345,1.345,1.350,1.344,384218.000
2025-05-21,1.345,1.341,1.347,1.340,202300.000
2025-05-22,1.336,1.334,1.337,1.331,204794.000
2025-05-23,1.339,1.338,1.345,1.336,221207.000
2025-05-26,1.348,1.358,1.359,1.346,1246038.000
2025-05-27,1.357,1.363,1.365,1.353,500656.000
2025-05-28,1.365,1.348,1.365,1.347,341287.000
2025-05-29,1.355,1.364,1.366,1.354,340147.000
2025-05-30,1.356,1.362,1.368,1.355,369567.000
2025-06-03,1.362,1.356,1.364,1.353,308976.000
2025-06-04,1.359,1.354,1.359,1.352,228518.000
2025-06-05,1.357,1.352,1.360,1.351,274762.000
2025-06-06,1.353,1.350,1.353,1.347,269989.000
2025-06-09,1.355,1.360,1.361,1.355,273526.000
2025-06-10,1.364,1.363,1.368,1.361,361404.000
2025-06-11,1.363,1.365,1.365,1.362,166580.000
2025-06-12,1.366,1.367,1.367,1.363,126509.000
2025-06-13,1.355,1.358,1.358,1.350,184437.000
2025-06-16,1.360,1.372,1.372,1.359,202430.000
2025-06-17,1.371,1.370,1.373,1.367,281498.000
2025-06-18,1.373,1.383,1.384,1.371,343792.000
2025-06-19,1.376,1.368,1.377,1.366,259919.000
2025-06-20,1.367,1.360,1.368,1.360,210140.000
2025-06-23,1.346,1.349,1.351,1.343,690978.000
2025-06-24,1.368,1.377,1.378,1.367,527727.000
2025-06-25,1.379,1.379,1.383,1.376,173821.000
2025-06-26,1.393,1.409,1.410,1.392,866048.000
2025-06-27,1.430,1.430,1.435,1.423,659415.000
2025-06-30,1.453,1.447,1.461,1.440,851080.000
2025-07-01,1.436,1.428,1.436,1.427,390470.000
2025-07-02,1.423,1.424,1.433,1.417,677731.000
2025-07-03,1.424,1.421,1.427,1.417,257139.000
2025-07-04,1.422,1.417,1.423,1.415,372404.000
2025-07-07,1.414,1.405,1.414,1.401,470061.000
2025-07-08,1.401,1.403,1.404,1.396,522725.000
2025-07-09,1.395,1.401,1.401,1.392,450049.000
2025-07-10,1.399,1.400,1.404,1.396,392355.000
2025-07-11,1.400,1.393,1.402,1.392,544720.000
2025-07-14,1.390,1.385,1.391,1.383,437236.000
2025-07-15,1.384,1.397,1.398,1.381,450863.000
2025-07-16,1.390,1.385,1.392,1.384,415121.000
2025-07-17,1.384,1.394,1.395,1.384,320887.000
2025-07-18,1.393,1.392,1.393,1.387,339753.000
2025-07-21,1.391,1.394,1.395,1.387,290073.000
2025-07-22,1.398,1.388,1.399,1.388,444714.000
2025-07-23,1.421,1.446,1.448,1.419,1681584.000
2025-07-24,1.471,1.467,1.478,1.466,1307919.000
2025-07-25,1.452,1.446,1.453,1.445,527810.000
2025-07-28,1.437,1.424,1.437,1.421,547495.000
2025-07-29,1.411,1.419,1.419,1.410,358252.000
2025-07-30,1.417,1.417,1.421,1.414,487861.000
2025-07-31,1.421,1.431,1.433,1.420,743780.000
2025-08-01,1.408,1.404,1.412,1.402,692680.000
2025-08-04,1.393,1.409,1.409,1.393,476641.000
2025-08-05,1.417,1.423,1.426,1.417,561712.000
2025-08-06,1.422,1.431,1.431,1.419,393609.000
2025-08-07,1.438,1.436,1.438,1.433,403848.000
2025-08-08,1.464,1.461,1.467,1.458,748396.000
2025-08-11,1.478,1.478,1.482,1.476,462613.000
2025-08-12,1.487,1.484,1.494,1.483,571337.000
2025-08-13,1.501,1.510,1.511,1.501,426727.000
2025-08-14,1.498,1.496,1.502,1.493,453258.000
2025-08-15,1.497,1.523,1.524,1.497,395351.000
2025-08-18,1.525,1.527,1.532,1.524,533386.000
2025-08-19,1.522,1.518,1.528,1.518,387669.000
2025-08-20,1.494,1.501,1.504,1.492,382305.000
2025-08-21,1.496,1.488,1.496,1.484,447645.000
2025-08-22,1.485,1.481,1.488,1.478,499936.000
2025-08-25,1.493,1.494,1.500,1.492,486059.000
2025-08-26,1.480,1.478,1.480,1.474,516909.000
2025-08-27,1.478,1.490,1.491,1.478,637459.000
2025-08-28,1.496,1.503,1.504,1.492,708775.000
2025-08-29,1.495,1.490,1.496,1.487,577308.000
2025-09-01,1.480,1.478,1.480,1.463,687912.000
2025-09-02,1.478,1.478,1.485,1.466,396148.000
2025-09-03,1.470,1.462,1.471,1.456,588648.000
2025-09-04,1.473,1.493,1.493,1.472,917271.000
2025-09-05,1.502,1.493,1.512,1.490,998001.000
2025-09-08,1.507,1.513,1.515,1.506,687569.000
2025-09-09,1.523,1.510,1.525,1.509,664609.000
2025-09-10,1.513,1.523,1.525,1.508,490839.000
2025-09-11,1.532,1.537,1.538,1.524,541708.000
2025-09-12,1.545,1.553,1.554,1.541,540765.000
2025-09-15,1.552,1.551,1.552,1.546,354321.000
2025-09-16,1.552,1.557,1.565,1.551,435516.000
2025-09-17,1.560,1.557,1.567,1.554,460952.000
2025-09-18,1.567,1.575,1.577,1.560,613832.000
2025-09-19,1.582,1.552,1.583,1.550,1201887.000
2025-09-22,1.573,1.570,1.577,1.567,606446.000
2025-09-23,1.576,1.593,1.596,1.576,785534.000
2025-09-24,1.580,1.595,1.597,1.571,709820.000
2025-09-25,1.593,1.581,1.593,1.579,450521.000
2025-09-26,1.574,1.570,1.585,1.568,632567.000
2025-09-29,1.567,1.578,1.588,1.561,618577.000
2025-09-30,1.578,1.584,1.587,1.575,397970.000
2025-10-09,1.659,1.670,1.686,1.659,1236845.000
2025-10-10,1.666,1.651,1.679,1.635,941503.000
2025-10-13,1.642,1.636,1.649,1.616,1045892.000
2025-10-14,1.653,1.620,1.658,1.611,1166068.000
2025-10-15,1.630,1.650,1.711,1.630,1886937.000
2025-10-16,1.660,1.672,1.673,1.656,1335560.000
2025-10-17,1.667,1.647,1.669,1.640,745810.000
2025-10-20,1.679,1.719,1.747,1.679,2554424.000
2025-10-21,1.758,1.727,1.777,1.695,3165972.000
2025-10-22,1.714,1.753,1.762,1.714,1799547.000
2025-10-23,1.740,1.746,1.761,1.733,651399.000
2025-10-24,1.764,1.749,1.771,1.746,874174.000
2025-10-27,1.763,1.815,1.836,1.762,1742667.000
2025-10-28,1.818,1.822,1.848,1.790,1559340.000
2025-10-29,1.846,1.882,1.885,1.846,1522526.000
2025-10-30,1.882,1.873,1.913,1.860,1242706.000
2025-10-31,1.903,1.928,1.933,1.885,1786905.000
2025-11-03,1.933,1.963,2.048,1.932,4974188.000
2025-11-04,2.000,1.850,2.000,1.830,4062503.000
2025-11-05,1.755,1.805,1.836,1.741,4171940.000
2025-11-06,1.837,1.847,1.858,1.818,2348781.000
2025-11-07,1.809,1.819,1.831,1.807,1514126.000
2025-11-10,1.838,1.856,1.857,1.835,1252173.000
2025-11-11,1.871,1.866,1.891,1.841,1449955.000
2025-11-12,1.845,1.859,1.869,1.824,1010085.000
2025-11-13,1.870,1.859,1.877,1.850,649595.000
2025-11-14,1.835,1.821,1.842,1.816,663415.000
2025-11-17,1.797,1.778,1.800,1.737,3003421.000
2025-11-18,1.740,1.702,1.757,1.690,2521759.000
2025-11-19,1.718,1.723,1.739,1.705,2618706.000
2025-11-20,1.773,1.760,1.778,1.744,1948547.000
2025-11-21,1.726,1.700,1.727,1.699,1396946.000
2025-11-24,1.700,1.715,1.715,1.679,1350294.000
2025-11-25,1.724,1.706,1.730,1.705,1095268.000
2025-11-26,1.727,1.740,1.745,1.725,1164387.000
2025-11-27,1.754,1.750,1.773,1.743,1136918.000
2025-11-28,1.752,1.747,1.755,1.739,851775.000
2025-12-01,1.718,1.721,1.734,1.711,853007.000
2025-12-02,1.726,1.713,1.731,1.712,589563.000
2025-12-03,1.725,1.725,1.735,1.715,923851.000
2025-12-04,1.740,1.772,1.773,1.737,1457820.000
2025-12-05,1.750,1.757,1.759,1.746,1281341.000
2025-12-08,1.752,1.752,1.753,1.743,654792.000
2025-12-09,1.745,1.730,1.747,1.726,806538.000
2025-12-10,1.724,1.718,1.724,1.710,561491.000
2025-12-11,1.719,1.698,1.728,1.697,627199.000
2025-12-12,1.709,1.715,1.718,1.705,574581.000
2025-12-15,1.691,1.689,1.697,1.686,606548.000
2025-12-16,1.681,1.653,1.681,1.646,838501.000
2025-12-17,1.650,1.671,1.676,1.650,887496.000
2025-12-18,1.650,1.674,1.682,1.648,577841.000
2025-12-19,1.685,1.705,1.724,1.677,1376645.000
2025-12-22,1.730,1.725,1.738,1.722,709756.000
2025-12-23,1.726,1.711,1.726,1.710,444107.000
2025-12-24,1.720,1.709,1.720,1.706,265149.000
2025-12-25,1.710,1.704,1.712,1.701,210744.000
2025-12-26,1.712,1.711,1.719,1.707,361777.000
2025-12-29,1.706,1.694,1.708,1.690,334312.000
2025-12-30,1.690,1.685,1.690,1.677,263800.000
2025-12-31,1.679,1.679,1.684,1.675,219813.000
2026-01-05,1.713,1.715,1.718,1.706,627363.000
2026-01-06,1.722,1.739,1.740,1.722,709490.000
2026-01-07,1.729,1.722,1.737,1.720,580546.000
2026-01-08,1.709,1.706,1.709,1.702,471503.000
2026-01-09,1.717,1.717,1.726,1.708,577511.000
2026-01-12,1.740,1.746,1.747,1.732,677512.000
2026-01-13,1.772,1.769,1.776,1.756,870234.000
2026-01-14,1.793,1.784,1.796,1.772,610764.000
2026-01-15,1.760,1.778,1.779,1.756,607556.000
2026-01-16,1.760,1.778,1.788,1.757,1074868.000
2026-01-19,1.758,1.751,1.765,1.737,706754.000
2026-01-20,1.741,1.724,1.746,1.722,617560.000
2026-01-21,1.717,1.728,1.730,1.711,463252.000
2026-01-22,1.740,1.760,1.761,1.740,562090.000
2026-01-23,1.760,1.750,1.766,1.740,499356.000
2026-01-26,1.746,1.736,1.749,1.731,736679.000
2026-01-27,1.739,1.754,1.755,1.738,628925.000
2026-01-28,1.751,1.777,1.781,1.746,867406.000
2026-01-29,1.769,1.762,1.775,1.755,711446.000
2026-01-30,1.765,1.753,1.776,1.741,796781.000
2026-02-02,1.769,1.713,1.772,1.710,980833.000
2026-02-03,1.754,1.779,1.780,1.752,1425853.000
2026-02-04,1.761,1.774,1.775,1.755,551360.000
2026-02-05,1.769,1.752,1.770,1.740,647783.000
2026-02-06,1.730,1.755,1.774,1.727,777172.000
2026-02-09,1.835,1.814,1.855,1.810,1640157.000
2026-02-10,1.855,1.887,1.905,1.855,2857262.000
2026-02-11,1.909,1.937,1.953,1.906,3865398.000
2026-02-12,1.938,1.912,1.944,1.911,2020259.000
2026-02-13,1.900,1.933,1.940,1.885,1872247.000
2026-02-24,1.937,1.925,1.942,1.916,903710.000
2026-02-25,1.939,1.947,1.966,1.934,1541086.000
2026-02-26,1.957,1.938,1.960,1.934,836706.000
2026-02-27,1.930,1.940,1.956,1.920,1105280.000
2026-03-02,1.916,1.913,1.945,1.911,1267727.000
2026-03-03,1.897,1.834,1.899,1.831,1599320.000
2026-03-04,1.780,1.775,1.809,1.755,1767996.000
2026-03-05,1.847,1.834,1.858,1.814,1342832.000
2026-03-06,1.821,1.829,1.833,1.801,1127265.000
2026-03-09,1.737,1.766,1.785,1.705,2752532.000
2026-03-10,1.811,1.785,1.814,1.773,1661552.000
2026-03-11,1.802,1.801,1.815,1.794,1377319.000
2026-03-12,1.781,1.791,1.797,1.765,819771.000
2026-03-13,1.776,1.770,1.782,1.768,501006.000
2026-03-16,1.760,1.767,1.769,1.744,762479.000
2026-03-17,1.771,1.737,1.772,1.730,712027.000
2026-03-18,1.765,1.779,1.780,1.757,1112988.000
2026-03-19,1.726,1.735,1.754,1.725,845160.000
2026-03-20,1.740,1.719,1.744,1.713,662366.000
2026-03-23,1.664,1.634,1.680,1.630,1796891.000
2026-03-24,1.654,1.679,1.680,1.642,1320459.000
2026-03-25,1.716,1.717,1.726,1.706,1171093.000
2026-03-26,1.719,1.698,1.740,1.690,1640697.000
2026-03-27,1.676,1.698,1.713,1.676,846899.000
2026-03-30,1.650,1.689,1.693,1.642,1201302.000
2026-03-31,1.691,1.663,1.709,1.649,1007027.000
2026-04-01,1.711,1.763,1.775,1.704,1917597.000
2026-04-02,1.731,1.703,1.742,1.688,1552038.000
2026-04-03,1.726,1.706,1.729,1.703,737722.000
2026-04-07,1.712,1.705,1.714,1.701,588880.000
2026-04-08,1.789,1.808,1.816,1.776,2418412.000
2026-04-09,1.776,1.786,1.804,1.775,1169173.000
2026-04-10,1.821,1.798,1.827,1.796,983235.000
2026-04-13,1.788,1.791,1.799,1.780,761082.000
2026-04-14,1.836,1.829,1.839,1.823,831593.000
2026-04-15,1.845,1.835,1.852,1.830,1145506.000
2026-04-16,1.862,1.881,1.883,1.860,1656206.000
2026-04-17,1.861,1.858,1.866,1.855,683974.000
2026-04-20,1.867,1.859,1.872,1.857,626306.000
2026-04-21,1.874,1.876,1.880,1.871,624247.000
2026-04-22,1.875,1.887,1.887,1.865,750709.000
2026-04-23,1.882,1.862,1.883,1.856,849377.000
2026-04-24,1.867,1.869,1.877,1.861,626037.000
2026-04-27,1.896,1.898,1.911,1.892,1044731.000
2026-04-28,1.889,1.887,1.902,1.884,927880.000
2026-04-29,1.874,1.880,1.881,1.869,592440.000
2026-04-30,1.868,1.868,1.872,1.858,609075.000
2026-05-06,1.919,1.953,1.960,1.919,1334065.000
2026-05-07,2.000,2.023,2.028,2.000,1565227.000
2026-05-08,2.007,2.002,2.008,1.983,887684.000
2026-05-11,2.003,1.994,2.006,1.990,783109.000
2026-05-12,2.001,1.981,2.002,1.972,834406.000
2026-05-13,1.980,1.999,2.002,1.980,800371.000
2026-05-14,2.008,1.970,2.013,1.970,1193355.000
2026-05-15,1.953,1.938,1.957,1.908,1485120.000
2026-05-18,1.901,1.904,1.914,1.888,1343768.000
2026-05-19,1.902,1.898,1.909,1.886,840237.000
2026-05-20,1.876,1.883,1.885,1.861,947333.000
2026-05-21,1.938,1.921,1.947,1.920,1062393.000
2026-05-22,1.960,1.985,1.989,1.960,1485876.000
2026-05-25,2.050,2.072,2.078,2.047,2241024.000
2026-05-26,2.052,2.066,2.069,2.040,946523.000
2026-05-27,2.086,2.063,2.110,2.047,1780834.000
2026-05-28,2.063,2.027,2.063,2.000,1417322.000
2026-05-29,2.075,2.109,2.120,2.060,1869142.000
2026-06-01,2.135,2.211,2.219,2.135,2936793.000
2026-06-02,2.199,2.196,2.218,2.142,2712436.000
2026-06-03,2.259,2.235,2.298,2.201,3501043.000
2026-06-04,2.173,2.219,2.222,2.172,1952206.000
2026-06-05,2.154,2.153,2.199,2.150,1680181.000
2026-06-08,2.044,2.064,2.089,2.043,2335801.000
